param_index,param_value,cost,$\mu_{Ls23K}$,$\mu_{LsCTC494}$,$\mu_{Lm}$,$\omega_T^{Lm}$,$K \cdot 10^{-2}$,$\log_{10}{N^{Ls23K}_{t}}$,$\log_{10}{N^{LsCTC494}_{t}}$,$\log_{10}{N^{Lm}_{t}}$,$\kappa_{T/G}^{LsCTC494} \cdot 10^{-5}$,$\kappa_{LA}^{Ls23K} \cdot 10^{-9}$,$\kappa_{LA/G}^{Ls23K} \cdot 10^{-9}$,$\kappa_{LA}^{LsCTC494} \cdot 10^{-9}$,$\kappa_{LA/G}^{LsCTC494} \cdot 10^{-9}$,$\kappa_{LA}^{Lm} \cdot 10^{-9}$,$\kappa_{LA/G}^{Lm} \cdot 10^{-9}$
0,0.34,0.04283369404765894,0.34,0.4033144137963956,0.3270609472268146,0.514895483456361,1.5832392516466123,8.203043152754404,8.317164765991672,8.790295389598143,0.6024857870328189,0.6017125700215274,3.7663368779070305,0.2980288579023992,4.597995938572334,0.0,0.561370246575186
0,0.34210526315789475,0.042562583098683784,0.34210526315789475,0.403634699368951,0.3284764897135426,0.5146913327110372,1.558458361388733,8.204905629698699,8.316339058564555,8.78971180993428,0.6034862308687388,0.6009919426592916,3.733647161240473,0.29874548559630065,4.607331943781739,0.0,0.5628290111664384
0,0.3442105263157895,0.04210290032349598,0.3442105263157895,0.40405119369005416,0.3297756535641019,0.5146888314560606,1.5397122587665322,8.207298695674245,8.316817693241163,8.790072754035824,0.6035576309762019,0.6008559187304072,3.6877757368186326,0.2999512358181367,4.590661975496198,0.0,0.5629924414068387
0,0.34631578947368424,0.04146149553352756,0.34631578947368424,0.40444467908315135,0.3311085164486946,0.514690734173768,1.5264001862336327,8.208833717610768,8.315261706352482,8.790929268242792,0.605558744064497,0.600907922366081,3.6559326205287492,0.3004654673357345,4.612549115261748,0.0,0.562386981973008
0,0.34842105263157896,0.041089959791346206,0.34842105263157896,0.4048681263073411,0.3323181209321101,0.5149228558139931,1.5194838766766,8.211261628552416,8.314344965533119,8.790114394401321,0.6073134939805754,0.6002440223895994,3.6122821281798223,0.301512575893497,4.620033433901927,0.0,0.5635313875912367
0,0.3505263157894737,0.04076371424042094,0.3505263157894737,0.40509323296113714,0.3334784070629071,0.5143623266394594,1.4868892177684467,8.214169883110278,8.31469915559144,8.790882093613886,0.6063007711558445,0.5989323238124546,3.5651269548511832,0.30175170458603096,4.61278142206038,0.0,0.5625216106566459
0,0.35263157894736846,0.040484660939167215,0.35263157894736846,0.40547409960333036,0.3346571651616651,0.5144149633948292,1.4777053982722497,8.216136397782135,8.31355464525879,8.790326429204427,0.6084552488012713,0.5978560371752756,3.5337924890246954,0.30228040415781354,4.628159749372017,0.0,0.5636718322769436
0,0.3547368421052632,0.040254987871226305,0.3547368421052632,0.40589790364125555,0.3357712835190032,0.514380767558412,1.4640380672155509,8.21843628933827,8.313695337649722,8.78895906239315,0.6086717117645729,0.5972132026234885,3.493138804471818,0.30338051197120247,4.618126206905607,0.0,0.5665138934704024
0,0.3568421052631579,0.040075375785505435,0.3568421052631579,0.40622130845134935,0.3368838119016065,0.514242331065456,1.4474703144645429,8.220158434755858,8.313069151158915,8.790220661643659,0.6094013201260164,0.595630936958662,3.4698337325936817,0.30388155921613913,4.624468445666906,0.0,0.5656266654565022
0,0.3589473684210526,0.03994813670033504,0.3589473684210526,0.4065700010086605,0.33790926964313756,0.5142170169985216,1.4353842097139577,8.222617861448809,8.312673976383595,8.787809430103989,0.6101683269465087,0.5954390759052602,3.4225331479420835,0.3043960459112999,4.627397501599582,0.0,0.5702913423421238
0,0.3610526315789474,0.039873860090944305,0.3610526315789474,0.406851803570247,0.33895085222362636,0.513873681924742,1.4182936376796844,8.224309975798782,8.31170987817791,8.790213568730941,0.6114733269101907,0.5942221037366149,3.397293992824229,0.3052442060261041,4.637458503122002,0.0,0.5661275361806926
0,0.36286816295469143,0.0398542492132964,0.36286816295469143,0.40717378575374974,0.33977439596285547,0.514087879869574,1.4147440991440683,8.226144244956682,8.311331192950382,8.789244367769074,0.6125481036920636,0.5927024990173447,3.371968176531627,0.306115442050671,4.636925247331482,0.0,0.5686220726952546
0,0.3631578947368421,0.03985485385736851,0.3631578947368421,0.40718588901854247,0.3398868393915389,0.5141136890491294,1.4128629474241563,8.226700772785797,8.311149447512191,8.789790999577246,0.6124887545400157,0.5935602122823564,3.3549208459988455,0.30546978505551464,4.6454074211747125,0.0,0.5659906356156306
0,0.36526315789473685,0.03989219691357033,0.36526315789473685,0.4075497119131427,0.3408432228667962,0.5140078810150789,1.4050844171167383,8.228426496760953,8.310429082961212,8.789436272847722,0.6142689345965949,0.5926883471703621,3.3264880336290448,0.3065567907233838,4.649225203183006,0.0,0.5667733594407731
0,0.36736842105263157,0.03998733882937749,0.36736842105263157,0.4078368195081632,0.34172303278984345,0.5139804549201451,1.3906752849788846,8.2300763014699,8.310570452780874,8.789547576335721,0.6139087842410891,0.5911458193304908,3.3026836344980395,0.3067822001819115,4.6448120985913866,0.0,0.5678343849091647
0,0.36947368421052634,0.040141325188679106,0.36947368421052634,0.4081434086197191,0.3425925823333734,0.5138456659198903,1.380699138812888,8.231921017286776,8.309929255603436,8.789068319480075,0.614758981890575,0.5907018692733952,3.2687902287092565,0.3075974549531483,4.649845839297425,0.0,0.5686029524059888
0,0.37157894736842106,0.040355582336668465,0.37157894736842106,0.40847058311830214,0.34343076079653995,0.5136538131827518,1.37078807997639,8.233464381262994,8.309350310989991,8.788928931200287,0.6159477087435564,0.5900200236784182,3.2411087417747777,0.3083894106029992,4.65369374957534,0.0,0.5688121449728004
0,0.3736842105263158,0.04063125633376679,0.3736842105263158,0.4087058285015342,0.3442313796606762,0.5136187311546,1.3613368995154091,8.234655838408363,8.309122543996757,8.78883462213227,0.6165728055628545,0.5897704825249473,3.2167511058092706,0.3085590799882944,4.657121406104795,0.0,0.570801004216063
0,0.37578947368421056,0.04096914290225533,0.37578947368421056,0.40904426280688233,0.34495995185026995,0.5135554268544499,1.3553980840618467,8.236289913697792,8.30862417340088,8.78799379933558,0.6176602144290155,0.5891661777931549,3.186608486407259,0.3097755281430357,4.656047697705323,0.0,0.5706274142860127
0,0.3778947368421053,0.04137058437438547,0.3778947368421053,0.4092678398892612,0.34570787850346973,0.5134260582485779,1.3442026274629546,8.237082518097628,8.308073450582476,8.78736876868774,0.6181261986710785,0.589390401236685,3.1660976885731373,0.30988728407640054,4.6645416362555645,0.0,0.5714247341271663
0,0.38,0.041836465740516034,0.38,0.409505570233761,0.3463800273135843,0.5132347990865,1.3340726625943549,8.238413518232958,8.30769387759838,8.786266213198056,0.6185676969533382,0.5889869462208129,3.1385019543573844,0.31021013037534334,4.669130998519083,0.0,0.5731354723149067
1,0.38,0.04198480926071754,0.35900298429867245,0.38,0.3340138842696189,0.5333737098271275,1.1871608899222659,8.23914314085538,8.308816932296041,8.778673045793239,0.5996232045595346,0.5733689133074799,3.3247077487136036,0.28221029344159804,4.753603143930188,0.0,0.5702709483008253
1,0.3831578947368421,0.041487770848927026,0.35996128998026783,0.3831578947368421,0.33544912259191784,0.5287744976662988,1.189663692055374,8.234909759005435,8.302987129870543,8.790117632255741,0.6049949065355198,0.5783346444436618,3.345954929498716,0.2858729903974908,4.836935726864442,0.0,0.5666735425478657
1,0.3863157894736842,0.04108601975865011,0.36048563674077844,0.3863157894736842,0.3362630349022691,0.5262635796021942,1.204259831381255,8.233004671967587,8.304599519027748,8.790138156139594,0.6049115430715707,0.5813664808799407,3.35263682552807,0.2880847915943091,4.808158745788094,0.0,0.5646833196679245
1,0.3894736842105263,0.04074176733423852,0.36098032534716734,0.3894736842105263,0.336973890766075,0.5239637657850094,1.2235068768259345,8.231809302855128,8.306316718108585,8.79046323681963,0.6050348517644828,0.5833920906407545,3.3545452526437938,0.2911537675348221,4.769574672507101,0.0,0.5637990558118184
1,0.39263157894736844,0.04045446045301297,0.3614148649899547,0.39263157894736844,0.3375870856295691,0.5218894456240231,1.245006969674916,8.23084393427876,8.308475348893493,8.790058242293927,0.6044412032281615,0.5858602120567702,3.3503766293045527,0.29415851024467465,4.724499574226775,0.0,0.5650167290813227
1,0.3957894736842105,0.04022297616241517,0.36177872911573217,0.3957894736842105,0.33817597875203914,0.5198333029703168,1.2715128224975936,8.229367108568743,8.30976387925296,8.789089819640335,0.605429735956241,0.5878629412803906,3.3589352550365517,0.29642831549093057,4.697713772166032,0.0,0.5680800341890372
1,0.3989473684210526,0.04004736780643586,0.3621280180856626,0.3989473684210526,0.33868653550724964,0.5181189888828265,1.3069490201097245,8.228549199589356,8.310344548744728,8.788541177376409,0.6072646823681501,0.5891931503828561,3.360483520071358,0.2992503119937396,4.678265201425519,0.0,0.5694254237910875
1,0.40210526315789474,0.039927880914335766,0.36241451161358207,0.40210526315789474,0.33912978640063546,0.5164477791800262,1.3459103853652612,8.22748294348452,8.310882810469508,8.788205617724135,0.6094383753617123,0.5913140555702371,3.3620251214576085,0.30195181841793384,4.659242327365772,0.0,0.5701412165128501
1,0.4052631578947368,0.039864604082297875,0.36264816214466267,0.4052631578947368,0.33953640807637947,0.5149960647519121,1.388579769974408,8.226295947037377,8.311275830629443,8.79069446251939,0.6113146099599078,0.5931574558101622,3.3671264515726023,0.3039702963265911,4.648373684058736,0.0,0.565878966125094
1,0.4069373673921163,0.03985449025890517,0.3627871294343498,0.4069373673921163,0.3397042615161022,0.5142127517347196,1.4144153606499577,8.226393769604552,8.310939394323773,8.789433533100084,0.6128322142545591,0.5925337302387778,3.3697134388254453,0.30467484813408124,4.654522122619143,0.0,0.567144044339561
1,0.40842105263157896,0.03985875572117685,0.3629442837673717,0.40842105263157896,0.3398830594148561,0.5133278722275358,1.4300002929344613,8.226291940855145,8.311539915135981,8.78972276403325,0.6133951756874967,0.5939015582794821,3.359111507464197,0.3061096382257435,4.638016919302328,0.0,0.5665108786457966
1,0.41157894736842104,0.03991111091884773,0.3631022997293851,0.41157894736842104,0.3401876193091027,0.5124701230739358,1.4898225177522408,8.225096661734968,8.311388625223836,8.789973309649879,0.6165049431355143,0.5949335188057759,3.3718271535904134,0.3099250936519161,4.620353894245118,0.0,0.5665854464429945
1,0.4147368421052632,0.040023221655331905,0.36324378852454775,0.4147368421052632,0.3404364052999662,0.5113424970763202,1.5455445794177431,8.22458651818953,8.311352885643316,8.789642299803871,0.6189081199315191,0.5953761216533044,3.376356537314857,0.31216378458954225,4.6128050329101375,0.0,0.5667453397408052
1,0.41789473684210526,0.04019700412876602,0.36340045602209753,0.41789473684210526,0.3406784672953923,0.5102683435147336,1.6059908755210395,8.224025419744939,8.31071822954311,8.789724552387684,0.6223222924059052,0.5962676452856596,3.378713657667617,0.3142386546035596,4.6174383195094935,0.0,0.5665973778606053
1,0.42105263157894735,0.040434908535070646,0.3635424243233397,0.42105263157894735,0.34086070346336667,0.5097444175633961,1.6798199437778096,8.223906291982827,8.310506045516634,8.787293164672702,0.6256336026773769,0.597720101385714,3.3690912218348794,0.31774837219692603,4.600888917264612,0.0,0.5694944135609205
1,0.4242105263157895,0.04073942262335069,0.3637000950152457,0.4242105263157895,0.34104700496027907,0.5087011895084523,1.737207043090398,8.2236797621677,8.310939672342979,8.789778057731008,0.6268955502831548,0.5984807210522424,3.3660579273250977,0.3200667156951164,4.584046385645754,0.0,0.5675168982293713
1,0.42736842105263156,0.041113052488598624,0.36378424353948896,0.42736842105263156,0.3411749484729872,0.5083858348893545,1.8248454302777186,8.223545577654587,8.309282985245348,8.78997195727917,0.6314478043655679,0.5981877948663122,3.3694958395235126,0.3220005758885536,4.606641715976855,0.0,0.5649577415067825
1,0.4305263157894737,0.041563175314426805,0.3638912879547367,0.4305263157894737,0.34136403893860906,0.5072393894692416,1.8752299440072513,8.222867818103547,8.310849780277,8.789289196001011,0.6310311370751124,0.5989207207462466,3.375671954461734,0.3244267933885893,4.5676634166943835,0.0,0.5673658615010665
1,0.4336842105263158,0.04208510066170533,0.36388745585961124,0.4336842105263158,0.3413824088703223,0.5081152302503477,2.009181149369065,8.222850149958859,8.307576280603985,8.789766744660367,0.6389986622596902,0.5994598347721158,3.3716912041621483,0.3268458503453689,4.613997000930742,0.0,0.5674012434886309
1,0.4368421052631579,0.04269132502925254,0.3639568612200252,0.4368421052631579,0.3414596652478675,0.508520474258089,2.121929427027951,8.222747356085348,8.306375660508674,8.789117457061696,0.64353823145207,0.5995372103435276,3.372336437519646,0.32919910450514406,4.624153963780855,0.0,0.5683269049297004
1,0.44,0.043383782883634585,0.3640135703699905,0.44,0.34153084777173204,0.5087839290710702,2.2327025666753206,8.222764259645219,8.305226555973999,8.788951826685365,0.6477465457182467,0.5995345111545832,3.3717627269031714,0.3319174042215095,4.630288938767149,0.0,0.5670585927639868
2,0.32,0.04261740130230752,0.34915025053760124,0.4013217802136632,0.32,0.5148240082412736,1.6717065688486585,8.261192243657261,8.32023041052545,8.788937715743304,0.5961735656009164,0.5300167303775077,3.3254112519614325,0.29401325435091563,4.577173893197405,0.0,0.5628490549533621
2,0.3218421052631579,0.04217756136089045,0.35043714121326747,0.4018273193190233,0.3218421052631579,0.5149264652524546,1.6510264017122644,8.257941347282367,8.318993308070214,8.789459634892598,0.5981515733203688,0.5354232352980283,3.3327230381994677,0.2954693079945354,4.587405332777759,0.0,0.5614762810424451
2,0.3236842105263158,0.041767580344877646,0.35176027502425633,0.40228578397181514,0.3236842105263158,0.5147645014786072,1.6238246304159467,8.255051528519168,8.317999588226767,8.790345905919828,0.6001864174294348,0.5411613308453563,3.330731342946314,0.29602337965649067,4.599559928293593,0.0,0.562857797062741
2,0.32552631578947366,0.04138938638751872,0.35307100155292676,0.4027989248008894,0.32552631578947366,0.5148111525113891,1.5983989333970645,8.252171379900744,8.317469545745992,8.790401615481645,0.6009531029209043,0.5467351370763162,3.3301534088573455,0.29701053063495664,4.601539126500177,0.0,0.5615019152970241
2,0.3273684210526316,0.04104569164925622,0.3543699879994989,0.403200993435247,0.3273684210526316,0.5145436866416546,1.562927103807842,8.249093181595951,8.317384393577203,8.790383009930107,0.6012879633670731,0.5521249270161716,3.3340003378591843,0.29767842546823625,4.597849936109513,0.0,0.5621903930201313
2,0.32921052631578945,0.040738671132546554,0.3556123734795892,0.40378558490111266,0.32921052631578945,0.5145250666594462,1.540719686064714,8.24556229770775,8.316344520594345,8.790752255567,0.6028626339583423,0.5584332749350773,3.3394551662948015,0.299365579529777,4.602574316219498,0.0,0.5611051544127509
2,0.3310526315789474,0.040471433559906414,0.3569067836961401,0.40439242775149237,0.3310526315789474,0.5146601789010069,1.5278879891664106,8.242433318320492,8.314948713039898,8.791006148634244,0.6062364793725641,0.5639151844358191,3.344076012582331,0.3003397672297546,4.618934217473234,0.0,0.5618013222481295
2,0.33289473684210524,0.040247304926672604,0.35820066792833416,0.40497805300795786,0.33289473684210524,0.5146286815636455,1.5055386596628202,8.239359730655917,8.314187118556157,8.7906806689183,0.6076892714626732,0.5700300618344488,3.342777461337571,0.301336014868649,4.624293154410457,0.0,0.5628272661959582
2,0.33473684210526317,0.04006974414827575,0.3594655352614084,0.4054772223361829,0.33473684210526317,0.5142645327615096,1.4712812552723642,8.23606043277664,8.314050617422808,8.790937219751557,0.60766774082688,0.5763788805477316,3.344063426156383,0.3021221243381625,4.621008729354297,0.0,0.5636975576363243
2,0.33657894736842103,0.03994277731318539,0.3607220925626816,0.40612884819652345,0.33657894736842103,0.5144164378021073,1.4590761729497614,8.232575371680847,8.312317561958587,8.790087501045537,0.6109711656377848,0.5828964956397482,3.345880919961683,0.30348965898849256,4.639810770910484,0.0,0.5648879459817797
2,0.33842105263157896,0.03987003333589325,0.36192496353217674,0.4067044810240628,0.33842105263157896,0.5140462211058505,1.427929291109668,8.228874454973225,8.312140030106852,8.790659461872755,0.6112458527450135,0.588244334300595,3.3636162888512358,0.3048164306654188,4.633359559245027,0.0,0.5646675363269292
2,0.3398255975140997,0.03985459570073819,0.3628335741873121,0.40714740463406335,0.3398255975140997,0.5139998235427432,1.4162680575210673,8.226080423279331,8.310193484808096,8.79046686460209,0.6140621727237007,0.5933357142982504,3.3683897261780964,0.3057307458378448,4.659674270266575,0.0,0.5649147729054527
2,0.3402631578947368,0.03985660510889537,0.3631552797700068,0.40730726404269185,0.3402631578947368,0.5139859281670337,1.4079252060873126,8.225034030294477,8.310751498547045,8.789509842746112,0.6132186677940693,0.5950214584195828,3.372054733716271,0.3060013502813597,4.648009302803111,0.0,0.5669509938477107
2,0.34210526315789475,0.03990727369080339,0.36436903705921075,0.4079508947112772,0.34210526315789475,0.5136409847158363,1.3824268554646146,8.22122120025934,8.310213354787647,8.789244763968687,0.6145973008684279,0.6023603474833703,3.3754711858694124,0.3073190726155742,4.64737978725307,0.0,0.568105511037585
2,0.3439473684210526,0.040027688801831836,0.3655822133849182,0.40878318130360075,0.3439473684210526,0.5140736650266831,1.3846038055245797,8.217572227194317,8.308250507905052,8.788489396505135,0.6200081899788219,0.608577333469403,3.384913020241273,0.3095740007870384,4.663220993135418,0.0,0.5696835114730232
2,0.34578947368421054,0.040223320015797925,0.3667896511399302,0.4094733847395918,0.34578947368421054,0.5140455739389731,1.3577416484337228,8.213686850775742,8.308697135185733,8.786884799553214,0.6185624174549058,0.616788681410251,3.3831865454542838,0.31090094270139257,4.645587473600693,0.0,0.573564892840705
2,0.3476315789473684,0.04049945450663743,0.3679710350499783,0.41002563324525626,0.3476315789473684,0.5134708102110184,1.3290548505506539,8.2097499656743,8.307023159775541,8.785907137432895,0.6203926940048828,0.6232000507379282,3.3969704935988214,0.31172979236346465,4.667963763287108,0.0,0.5738614327624152
2,0.3494736842105263,0.0408645410140166,0.36913524440335943,0.41073337465817517,0.3494736842105263,0.513277160988056,1.3095731389956884,8.205510421578927,8.305864312480749,8.784025111706447,0.6224795779367301,0.6308011424889196,3.407646923993369,0.31309813598233804,4.677853798912632,0.0,0.5769027666852143
2,0.3513157894736842,0.04132489074456363,0.3702430908867337,0.41150866967240524,0.3513157894736842,0.5134122508367842,1.2995046173772238,8.200789616956385,8.30451642559412,8.781829940378046,0.6254465993410793,0.6379882741224754,3.4315154737059186,0.31480601842933836,4.687798619851379,0.0,0.579969969062609
2,0.3531578947368421,0.04188874324507367,0.37139782400027843,0.4122595160149094,0.3531578947368421,0.5131457335233671,1.2799975121733624,8.19655883507533,8.303483458819132,8.77886516290221,0.6273906678516843,0.6457109643100328,3.4420974503308885,0.3166956607842835,4.69107313541347,0.0,0.5830606392923776
2,0.355,0.04256444236837246,0.37250277001892196,0.41290974872148895,0.355,0.5128615250990043,1.261218666992941,8.191921632435994,8.301336978840062,8.776266075535188,0.6303368137037215,0.653674979529208,3.458229284867963,0.3170793134188174,4.725515084370893,0.0,0.5853932670555839
3,0.46,0.04212998446269585,0.36297327177910416,0.41362954851132155,0.3399470203381896,0.46,0.7424385898415691,8.22594324505062,8.305475745007096,8.788560527054889,0.6258211087638882,0.5947458219519236,3.3591232380055094,0.3151800314257121,4.677035131120328,0.0,0.5697801980631471
3,0.4673684210526316,0.041519847589856725,0.3629571875703785,0.41265223358432956,0.3399403047315712,0.4673684210526316,0.8325026978715645,8.22584631704691,8.307164012794253,8.7901510116344,0.6221468458534217,0.5940276142014065,3.366214605066616,0.31405422753585166,4.655988396066811,0.0,0.5647586481995682
3,0.4747368421052632,0.04100731143090088,0.36294799079442647,0.4116538957501834,0.3399314994701627,0.4747368421052632,0.9258176657659578,8.225918476699976,8.307938805341008,8.790019754692395,0.6204609626278847,0.5937150047240359,3.367295700032152,0.3122534812941525,4.655525236164498,0.0,0.5671505531863765
3,0.48210526315789476,0.04059362371961506,0.36292539307583094,0.4107121473492961,0.33989417443283526,0.48210526315789476,1.0205182899797915,8.22605970107429,8.30877804365718,8.78976837512,0.6188629158980455,0.5935305169630434,3.3666353371976876,0.3103746474949396,4.654574596454582,0.0,0.566989904030424
3,0.48947368421052634,0.04027714971112053,0.36289343498111715,0.4098789492509128,0.3398474128940226,0.48947368421052634,1.1156621970490281,8.226125025760068,8.309629420016787,8.789382055806392,0.6169872650297908,0.5937267617888353,3.3640918811929037,0.3093483942130688,4.64681490725057,0.0,0.5681910182215499
3,0.4968421052631579,0.040053748693782976,0.36287917878234516,0.40904851570158063,0.339808357048905,0.4968421052631579,1.211537207184176,8.226104631612163,8.310386986789599,8.789745874238665,0.6167844943856882,0.5940798790443889,3.3620793713977704,0.307700153068856,4.644713389687958,0.0,0.5668160309569648
3,0.5042105263157894,0.039916765459618773,0.36283508310980317,0.40813731041644674,0.3397965155269035,0.5042105263157894,1.2954960611631896,8.225930367174461,8.311091878772892,8.788243943619008,0.6137844263631029,0.5935802281809534,3.368954989871487,0.306188823405712,4.643397376784818,0.0,0.5701496467306086
3,0.511578947368421,0.03985800766870695,0.3628031523103238,0.4075134159317268,0.3397407764093753,0.511578947368421,1.3928751808845712,8.226092385311519,8.310844563553411,8.790066474311677,0.6143849950555574,0.5931003586304412,3.370359671247643,0.3064957148489557,4.6427871612334926,0.0,0.5659810349910052
3,0.513059579860975,0.03985494859855136,0.3627954128541984,0.4072904579848503,0.3397297611123366,0.513059579860975,1.4039821144499403,8.226046697106081,8.31093080133413,8.79060781585141,0.612453337045725,0.5926759597987231,3.3749636819372206,0.3062213377080642,4.643521554779931,0.0,0.5638490163749724
3,0.5189473684210526,0.03986827696705383,0.36283467557083093,0.4066032932473187,0.3397612819990416,0.5189473684210526,1.4684195436950265,8.226174686357899,8.310982703713433,8.789398360084165,0.6118915843192403,0.593349522029158,3.3674105873212365,0.3047085081197325,4.652828525959694,0.0,0.5685269717733775
3,0.5263157894736842,0.03993690694270597,0.3627965437302421,0.40619696342182093,0.3397069075021645,0.5263157894736842,1.5601227899154149,8.22630850569218,8.311887348385984,8.789921112389045,0.611488570862165,0.5933525054192137,3.364233112003716,0.3048816897282892,4.634554846206954,0.0,0.566015548006256
3,0.5336842105263158,0.04005465446625555,0.3627416729685209,0.40561489053340194,0.3397297656121187,0.5336842105263158,1.6452037749326418,8.225683550289354,8.311235782962623,8.789854234352209,0.6122479534060753,0.5922787204021367,3.3841130557388994,0.3039208874626393,4.651629248159784,0.0,0.5670545722832202
3,0.5410526315789473,0.040209680880469244,0.36283266802602837,0.40505077005694007,0.33974737719531295,0.5410526315789473,1.716700014452357,8.22621829181057,8.311869303215456,8.790322953067186,0.6102927629432514,0.5932545055838204,3.3664697502612264,0.30366393406998754,4.641915151491183,0.0,0.565896990489382
3,0.5484210526315789,0.04039480575186982,0.36283681952153307,0.40458404202906534,0.3397708826414917,0.5484210526315789,1.7881704128135274,8.226255511918309,8.312392825088285,8.78854152308138,0.608706956013428,0.593170833241832,3.3664269176114203,0.30323790967830655,4.635202015856022,0.0,0.5716564307894865
3,0.5557894736842105,0.04059978043116986,0.3628511115904266,0.40434671844899583,0.3397939564611445,0.5557894736842105,1.8721290976647478,8.226101608017785,8.312163324282677,8.789609913410374,0.609598669983641,0.5933966795616621,3.367088504671935,0.3025423777638078,4.643462069863781,0.0,0.5667346482881619
3,0.5631578947368421,0.04081872220986775,0.3628944349465251,0.4039248250460968,0.3398518319464082,0.5631578947368421,1.93934454395451,8.22611455838463,8.31230784210229,8.78982832830911,0.6090506919859735,0.5935707423930618,3.3652594986264823,0.3020746280229643,4.643966209999327,0.0,0.5669405858481446
3,0.5705263157894737,0.041045013849151685,0.3629017126801095,0.40371030570703853,0.3398962650651976,0.5705263157894737,2.0092988640052574,8.225798309223213,8.312774875841132,8.790070468253761,0.607830049810158,0.5938671898405714,3.3683669233330744,0.3012341513336547,4.642669275128415,0.0,0.565904405034275
3,0.5778947368421052,0.04127391094098567,0.36296195240604745,0.4033059406874869,0.339971223331841,0.5778947368421052,2.0692846292390756,8.225680747183485,8.312759796067889,8.790277688217596,0.6070969132526712,0.5944103677960519,3.366074198477427,0.3005174115683077,4.647579446664028,0.0,0.5655545436962061
3,0.5852631578947368,0.04150107671950654,0.36301273371520704,0.403205222696305,0.34000893666132576,0.5852631578947368,2.1421672523493895,8.225827242893015,8.313103492598943,8.789782816483335,0.6069884225979623,0.59439498789016,3.3633743090153434,0.30073581604382993,4.639812845076148,0.0,0.5668523571232211
3,0.5926315789473684,0.041724133800567546,0.3630451933368192,0.402906518424561,0.3400725480084299,0.5926315789473684,2.2000120617636365,8.225617435502683,8.313738644825428,8.789993422559155,0.6062768775978453,0.594571741173375,3.3659095557459375,0.29987830019959955,4.6347397153788075,0.0,0.5652110721115399
3,0.6,0.04194036181428127,0.36307820490981335,0.40284169150375215,0.3401112408894415,0.6,2.271186558938454,8.225706567958179,8.313632465016795,8.789737330704352,0.605930451976122,0.5943475948852298,3.3653365699296436,0.29978741363019895,4.63792810007777,0.0,0.566967387712409
4,0.6,0.04180048062707617,0.36395709862837944,0.4025141976408895,0.3414719914770687,0.47831046857117393,0.6,8.2227185112492,8.328189343394834,8.789126939086447,0.5218677821801926,0.5994682549126363,3.3735983242676384,0.2883140404295537,4.509536590969682,0.0,0.5676256100080038
4,0.7263157894736842,0.04108844436754194,0.3637593069192109,0.40277245013770985,0.3411580227327189,0.4862439605886586,0.7263157894736842,8.223480769168786,8.326099803872474,8.789390106117732,0.5352254140237288,0.5981300322217794,3.371538946694175,0.2900558574283649,4.527246498491075,0.0,0.5674755225303126
4,0.8526315789473684,0.04059125387548387,0.3635740715387459,0.4033080417512126,0.3408779371980265,0.49294611176007286,0.8526315789473684,8.22393444032765,8.323561626790163,8.788672303664974,0.5494910642000301,0.5972885696970462,3.3711744371884262,0.29269733860736,4.546247985899733,0.0,0.5682063277065061
4,0.9789473684210526,0.04025389864228416,0.3633961817485902,0.4040425158171242,0.34060168913156863,0.4985252810565146,0.9789473684210526,8.224607904506241,8.32083155811006,8.789811961338232,0.5652483525930805,0.5960425996038304,3.3699501140590282,0.2952785207076495,4.56891785566332,0.0,0.5663695227899772
4,1.1052631578947367,0.040037256859394806,0.36321405299271214,0.40486221449120163,0.3403496143643541,0.5036250777379339,1.1052631578947367,8.224940542109112,8.318067814944957,8.789508931363828,0.5796412726881948,0.5957010568519664,3.368083655689475,0.29840557811042506,4.588573246772793,0.0,0.5667955839487148
4,1.2315789473684209,0.03991282296203578,0.36305461303420217,0.40578699918209465,0.3401214399482019,0.5081436856379117,1.2315789473684209,8.22523754872949,8.31522144112541,8.789590664831476,0.5936914027605564,0.5953737851368511,3.365982065060036,0.30121839960187213,4.612370705983396,0.0,0.5675291776497596
4,1.3578947368421053,0.039859375184255766,0.3628791855328081,0.4067150668861546,0.3398569018866724,0.5123099459130783,1.3578947368421053,8.22582035433114,8.312378803685405,8.789925031054453,0.6067507057965443,0.594265377202316,3.3656278112253233,0.30411576939429197,4.635491655238825,0.0,0.5670953266773164
4,1.381638258940895,0.03985586322900889,0.36286230032523026,0.40691577745910096,0.33980741872014825,0.5130337637224118,1.381638258940895,8.226121640376373,8.31213695742764,8.78950609472086,0.6092307162193149,0.5935751921680085,3.36545948893791,0.30495887064051275,4.633140033931776,0.0,0.566406977281626
4,1.4842105263157896,0.03986102595502904,0.3627456892366009,0.40768779997306437,0.33962137533468606,0.5160821939155481,1.4842105263157896,8.22653069931198,8.309671741020189,8.78983064534736,0.6199333901773031,0.5930579613003316,3.3630323812805796,0.3073280801754549,4.654893837248974,0.0,0.5663363435182694
4,1.6105263157894738,0.03990581467448712,0.3625835072319718,0.4086827437727497,0.33937487168384756,0.5197154029289156,1.6105263157894738,8.226998165504966,8.307321524126417,8.78963689289912,0.6312707394340286,0.5916659544955492,3.3659713314920983,0.3104520597038577,4.66909535514965,0.0,0.5668982925763347
4,1.736842105263158,0.03998429761191213,0.3624559777682508,0.4096750848697548,0.33916921445000026,0.5229563916356867,1.736842105263158,8.227521491301712,8.30428311980975,8.78981361704284,0.6432418664202785,0.59138458485416,3.3599603809168808,0.3133108955108142,4.697760640516903,0.0,0.5656023243973253
4,1.8631578947368421,0.04008939586006872,0.3622690307345644,0.41065381917079075,0.33893467256599386,0.5262662714251755,1.8631578947368421,8.22780994098221,8.302048339899413,8.789918391721987,0.6531987266253736,0.5904172844930042,3.363641312628019,0.31645167856764234,4.710166233785946,0.0,0.5663410031537532
4,1.9894736842105263,0.04021532793523815,0.36215956567304136,0.41160276261303175,0.33874447344143643,0.5292592501527466,1.9894736842105263,8.228246288837612,8.299369813869797,8.790146892717157,0.6641814643613292,0.5899812199341107,3.3598308788110156,0.31906225785079284,4.734904507060725,0.0,0.5656826859630745
4,2.1157894736842104,0.040357886131212696,0.3620210002053633,0.41252287514990604,0.33850862001505533,0.5322639282766839,2.1157894736842104,8.228967427149854,8.297071904373494,8.79020863519621,0.6735116821942468,0.5892775294036363,3.3529926878773866,0.3218802234974416,4.752029922721048,0.0,0.5650100142961928
4,2.2421052631578946,0.0405133785640802,0.3618660900491982,0.41342475061818135,0.3383197167207043,0.5350407713945168,2.2421052631578946,8.229054493862,8.294853179754176,8.78953756080427,0.6835131863280146,0.5878717181889805,3.363630530485381,0.32465759237779096,4.767134052815408,0.0,0.5647630881526451
4,2.368421052631579,0.04067878960685382,0.3617406277261377,0.41430750480534817,0.338104976425685,0.5379456412280288,2.368421052631579,8.229624422233526,8.292470168800833,8.790602781038473,0.6912253612990751,0.58792202576083,3.354183972724797,0.3272087523961797,4.788781623663686,0.0,0.5646821454112686
4,2.4947368421052634,0.04085211102190239,0.3615986760584335,0.4151048958488469,0.33791007433871534,0.5407152146738172,2.4947368421052634,8.229813370131128,8.290055860048815,8.78955189071367,0.6999944402166283,0.5870801003258601,3.3581916748502403,0.32967268587443443,4.810812609334167,0.0,0.5655442347769872
4,2.6210526315789475,0.04103151657824768,0.3614810645619984,0.41595927877287464,0.33771599137730623,0.5432813003425814,2.6210526315789475,8.230495924237449,8.287837847562614,8.790324750667185,0.7081727268306942,0.5859846401567805,3.355125775960247,0.3323624705676632,4.828153597110455,0.0,0.5652938793002245
4,2.7473684210526317,0.041215670048328476,0.3613109641275185,0.416776644247083,0.3375547825875529,0.545843349228112,2.7473684210526317,8.230097335958037,8.285783386772602,8.790535398331414,0.7162916224034858,0.5861705483495026,3.3611602752142056,0.3351862937171511,4.840128980092616,0.0,0.5654877296863652
4,2.873684210526316,0.041402722204697505,0.3612319401381775,0.417496701452045,0.3373601195923496,0.548514233318775,2.873684210526316,8.230992676326428,8.283482913764521,8.79046334157961,0.723522762215259,0.58469262306673,3.3579066944167937,0.33674198186170057,4.8698582002464885,0.0,0.564735566004504
4,3.0,0.04159258792746908,0.36106576091816,0.41822726386482467,0.3371857234193748,0.5510803060615724,3.0,8.230846455855371,8.281654255910576,8.790314614659147,0.730535529394275,0.584002109908054,3.367249574595348,0.3391885566817483,4.88188019493041,0.0,0.5646719015890462
5,8.13,0.04163003314033892,0.3584924027315251,0.4085095537449814,0.3437084042778698,0.513684808866913,1.3669311388850764,8.13,8.309010929876674,8.788487393090376,0.6161285862730767,0.7465634802697622,3.9837376863219474,0.3077570867129953,4.665056675685495,0.0,0.5701632444989868
5,8.141052631578948,0.0412731445508429,0.3591061047275468,0.40842100304665596,0.34334012910491607,0.5137693629085607,1.376686813968221,8.141052631578948,8.308943359243594,8.78902604403276,0.6172444560667576,0.7277128848781352,3.9030649154713477,0.3081943484221467,4.662203318357983,0.0,0.568203636979086
5,8.152105263157896,0.040950297712425116,0.3596585585499755,0.4082223693260955,0.34292723337302833,0.5136313938535078,1.3729003925270715,8.152105263157896,8.309665273389994,8.788443074084089,0.6150612361296139,0.7083755023668542,3.831699619118859,0.3074308319523062,4.656108947998655,0.0,0.5687471205888852
5,8.163157894736843,0.04066379116913052,0.36018955966724503,0.40818962016195326,0.34247987755567627,0.5141696535822647,1.3889875950371893,8.163157894736843,8.30995531673497,8.790604141154457,0.6146457990210412,0.6907318649585651,3.75340637610238,0.3074928177950243,4.650702684622947,0.0,0.5654601497530458
5,8.17421052631579,0.04041582065097756,0.36072014726951784,0.4079605424662393,0.3420747313517866,0.5137610474433908,1.3853613261425533,8.17421052631579,8.310068556381966,8.789301329245284,0.6146308826324747,0.6718948897224415,3.6855357252450287,0.30734572642550206,4.6493897179413155,0.0,0.5674358275356902
5,8.185263157894738,0.04020953766833474,0.3612383118549844,0.40780747955589786,0.3416293054272851,0.5138395876020663,1.39102528284358,8.185263157894738,8.310359392454119,8.788844135900968,0.6142569538099474,0.6549768699924603,3.6103699282309862,0.3071362317047451,4.64603052766237,0.0,0.568969516196178
5,8.196315789473685,0.04004750715559684,0.36170533683525613,0.40764127961148244,0.3411475099936452,0.513896231816328,1.3973748457350796,8.196315789473685,8.310724152418098,8.788567250840977,0.6138346267101411,0.6368188885081798,3.549640189877131,0.30662074997371136,4.643584288157939,0.0,0.5683507548146475
5,8.207368421052632,0.03993274504631388,0.3621449689561616,0.4074544182000016,0.3406385927598099,0.5137588216786347,1.3969011234889326,8.207368421052632,8.311402258464586,8.789937418776363,0.6120944065661095,0.6205287953114154,3.4796314168299287,0.3064735479045225,4.634122609403713,0.0,0.5665789540048808
5,8.21842105263158,0.0398677928262319,0.36255225508692557,0.4073196917581537,0.3401265457002826,0.5140062983487532,1.4104351013023397,8.21842105263158,8.311172989611784,8.789513241310308,0.6128108280824686,0.6046499459739135,3.4112681348408707,0.3058483240519628,4.642264255234275,0.0,0.5669178609142428
5,8.225944361188667,0.039854149487022324,0.3628033464041633,0.40712531557723447,0.33975500831950894,0.514140179123413,1.41284706382751,8.225944361188667,8.311608341945309,8.789420178363125,0.6118564710730968,0.5938432214197494,3.3667615024061703,0.30560545370118714,4.636216081013739,0.0,0.5669828144190583
5,8.229473684210527,0.03985677317443772,0.36294918160324086,0.40710261025415256,0.3395910416386302,0.5141731809066168,1.4195537430722442,8.229473684210527,8.311047586507765,8.790223738118435,0.6128715635213107,0.5897601744495132,3.3378350598362827,0.3049711988554968,4.650991143182929,0.0,0.5667796980077641
5,8.240526315789474,0.03990192094799015,0.363278076708426,0.4068717587476582,0.33902248045266714,0.5141138620056206,1.4226657654875992,8.240526315789474,8.311558005881729,8.789378119627555,0.6121536592602731,0.5732286196573301,3.2834541986938057,0.30489981936286914,4.642415797059451,0.0,0.567047786312975
5,8.25157894736842,0.040008002639358026,0.36358463052207535,0.406733501410915,0.3384127875769235,0.5144181222736066,1.4402253068894308,8.25157894736842,8.311196550971141,8.78845375394053,0.6130498148654722,0.5576756847813559,3.2249264003483904,0.30461928792772175,4.650371168381386,0.0,0.5692558916012468
5,8.262631578947369,0.04017738431262782,0.363824507808113,0.4065453756431138,0.3377679391421077,0.5144561543268845,1.4490075135269447,8.262631578947369,8.311767701112323,8.790170833580975,0.6127817360488258,0.5423333926746402,3.1694554808363873,0.30462055075245553,4.639964440593136,0.0,0.5650282601368641
5,8.273684210526316,0.04041465623898171,0.3641237419204361,0.40620606447476276,0.33717137304080047,0.5138513706922991,1.4321874274907376,8.273684210526316,8.313162021854438,8.788973657561083,0.6085840189788665,0.5292481326723104,3.1006433765176227,0.30365205379990934,4.625278660058197,0.0,0.5686686480073618
5,8.284736842105263,0.04072353017658946,0.3643014445468618,0.4059210259971985,0.3364632124487649,0.5137907622072312,1.4367791091039332,8.284736842105263,8.313524083328904,8.789160267995593,0.6076799960163614,0.5150279684102771,3.0440322937413042,0.3030455629461523,4.623513787819259,0.0,0.5670251637376902
5,8.295789473684211,0.041107728561454435,0.36441624801466355,0.4058702079112332,0.33568786723858146,0.5144326449661277,1.4690489483890907,8.295789473684211,8.313183900268502,8.789726255698087,0.6097987595142039,0.5009885355775004,2.9907286510201456,0.3031919484837802,4.627447035945462,0.0,0.5646318222478651
5,8.306842105263158,0.04157264168700741,0.3645213138374899,0.40563691285802383,0.33493293692023574,0.5146027950979222,1.4831504829120294,8.306842105263158,8.312945991447132,8.789033481898967,0.6098447336705176,0.4877847842515012,2.934235820288142,0.3027303291490168,4.635753173289815,0.0,0.5659462272206132
5,8.317894736842105,0.042121743128486565,0.36456654753408646,0.4054039805243478,0.33411524834823153,0.5146544389607008,1.4915518028693195,8.317894736842105,8.313961264747851,8.78999008874703,0.6082529469273237,0.4743444757272908,2.883238797156217,0.3018167341417786,4.62527453520632,0.0,0.56368265454204
5,8.328947368421053,0.04276010134824168,0.3646219642276036,0.40499353781234065,0.33330388472098754,0.5144399911323468,1.4907229394018204,8.328947368421053,8.31435704078761,8.790631603267146,0.606623696333222,0.461775522173713,2.829462340975679,0.3013124920616591,4.621957994166304,0.0,0.5614685445657309
5,8.34,0.0434929283846361,0.3645831989551056,0.4047565176972227,0.3324197753461552,0.5143825163118594,1.4983979827931027,8.34,8.315150194412112,8.790338361086333,0.6049852827974534,0.45,2.7754703979259863,0.30138763375468836,4.607935490981981,0.0,0.562353344074378
6,8.22,0.041541632891034845,0.36346172973191826,0.4060769351394962,0.34074382933927766,0.5140106896941372,1.779562974402097,8.224024744043946,8.22,8.789436805621321,0.7465887235379378,0.5968148003706774,3.373910946189213,0.38490178614054615,5.5569535341205425,0.0,0.5675907604631124
6,8.229473684210527,0.04123639412423295,0.3634678328945925,0.4061439157980109,0.3406355317418068,0.5142933441149422,1.7457042726802061,8.224809448963669,8.229473684210527,8.789144818143528,0.7317380817995184,0.5953103006878382,3.3725587721868213,0.37781947730208465,5.434173714313807,0.0,0.56770313731252
6,8.238947368421053,0.04095571679063582,0.3633334724171863,0.4063076387774492,0.34060830021141797,0.5135938613524171,1.688360376124303,8.223781081485779,8.238947368421053,8.788803529986215,0.7164655840144695,0.5968365235436589,3.3789924124111828,0.3662857855035983,5.358635068223414,0.0,0.5693869183108733
6,8.24842105263158,0.04070209394784184,0.3632910017892468,0.40640761419255667,0.3404838492509521,0.5134993237942704,1.6445494284437934,8.224520803327211,8.24842105263158,8.789448438013245,0.7009609400451149,0.595882912252787,3.3732217746945836,0.3583395373724062,5.253838588190047,0.0,0.5674053061746698
6,8.257894736842106,0.04047767644651085,0.36324625013418294,0.4065496457130006,0.3403798494966697,0.5134777535387476,1.6069406421539378,8.225132107344182,8.257894736842106,8.789184365391515,0.6867474218796589,0.5951368181260515,3.3686026003670912,0.34997159457074123,5.154647332196637,0.0,0.5674068580112916
6,8.267368421052632,0.040284396119969354,0.3631819695664753,0.406629620505384,0.3403136146262701,0.5133465857941223,1.5658215900586747,8.224963294579435,8.267368421052632,8.789681612199292,0.673237081935907,0.5951494408844965,3.371735819654531,0.3413459908379712,5.062996014610058,0.0,0.5668868835725889
6,8.276842105263158,0.04012380356195484,0.363086838263149,0.40686152030475353,0.3401814174936682,0.5137587436637457,1.540094868231169,8.225098809296666,8.276842105263158,8.79006891595101,0.659575838969446,0.5951122178578778,3.370839201231466,0.3340857655227136,4.96238461698498,0.0,0.5659838227505353
6,8.286315789473685,0.039998775838110824,0.36305050349803214,0.406829844378387,0.34009101838679257,0.5134196911430193,1.4931406439296009,8.225552408783706,8.286315789473685,8.790236476172279,0.6460880085037538,0.5945993608126773,3.3664342360968016,0.3253695087939503,4.877109127454748,0.0,0.5663608232081295
6,8.295789473684211,0.03991096018439159,0.36297507047459926,0.4070356390366843,0.33994293893147143,0.5139239017135756,1.470749744057953,8.22604905062985,8.295789473684211,8.790226388594158,0.633482143053969,0.5944043111692559,3.3597317092441616,0.31714231146807265,4.792935700505176,0.0,0.56594373894438
6,8.305263157894737,0.0398629974524272,0.3628812202632406,0.4070607905835903,0.33981916965222786,0.513970254109411,1.4320729861330805,8.226105546590455,8.305263157894737,8.78994229125425,0.6196467798309399,0.5943312681078474,3.359906111753399,0.3110583825695996,4.689609690086525,0.0,0.5662063333349775
6,8.312132261547864,0.03985451564577544,0.3627957584675176,0.40725798481322145,0.33974465555374367,0.5141638700569822,1.4171899447879055,8.225958682014884,8.312132261547864,8.789789529301785,0.6119607754248881,0.5934087359210997,3.369656433960248,0.30603008954209104,4.624471359864591,0.0,0.5667212874553994
6,8.314736842105264,0.039857169433533256,0.36277833432926704,0.40716434507800014,0.3396956804117235,0.5140804107095276,1.4022061674695474,8.226281061453635,8.314736842105264,8.790026285833953,0.6080984690255943,0.5928327181134345,3.368792200337994,0.30223563140110615,4.617201388597221,0.0,0.5658147653882433
6,8.32421052631579,0.03989636704715845,0.36273887145458905,0.40723970840284124,0.33956938967095046,0.514144401752485,1.3692578263230115,8.226882211715402,8.32421052631579,8.790119842627083,0.5959354181158084,0.5932199648791949,3.355266143311847,0.2960332039240384,4.522688727595376,0.0,0.5660026241823106
6,8.333684210526316,0.039983284210580235,0.36259682476447613,0.40735396964033205,0.33940102223391067,0.5147197683575648,1.3475955197257905,8.226965290699487,8.333684210526316,8.788050858102045,0.5842249489830325,0.5922469558998682,3.3626348637162824,0.28857137929946775,4.4422335857084665,0.0,0.5705909089441188
6,8.343157894736843,0.040120363661604846,0.36248542901224307,0.40727835550218033,0.3392613798493164,0.5146903256137781,1.3064368078542692,8.227188495163093,8.343157894736843,8.790229139742193,0.5706264222077122,0.5907785685131651,3.3704556904276926,0.2816004113488793,4.360347928617043,0.0,0.5644361078054851
6,8.352631578947369,0.04031098746390829,0.3623542280496355,0.40735712764080756,0.3390950996310035,0.5151515565792746,1.2847437759507783,8.227179756251942,8.352631578947369,8.78934127096696,0.5602864577871646,0.5912940457734946,3.3678754453384783,0.27426025981830154,4.28572348546532,0.0,0.5649809905325465
6,8.362105263157895,0.04055885256676549,0.3622636731511818,0.40721265405466206,0.3389752963424251,0.5146905215862606,1.2365799066970575,8.227514522024059,8.362105263157895,8.790103610877422,0.546895999400264,0.5899182984596135,3.3724044235255555,0.26876311556067556,4.195371018498459,0.0,0.5662229692135017
6,8.371578947368421,0.04086579417381914,0.3621050721895578,0.4075087710061911,0.3387494166290096,0.5160984375942841,1.2398663797808602,8.227756933094934,8.371578947368421,8.790089558093529,0.5387786091474676,0.5898604435938934,3.3699232691517524,0.26220594185966245,4.119869955606101,0.0,0.5669233280248267
6,8.381052631578948,0.041235138873749515,0.3620225529159394,0.4072633064786327,0.33859332531866876,0.5158586706265751,1.1954006617159183,8.228268251038353,8.381052631578948,8.790166082351233,0.5263218927777292,0.5888280247892612,3.3692828597640108,0.2547053689406974,4.053653791825968,0.0,0.565388379147247
6,8.390526315789474,0.041672061661612754,0.3619052244546931,0.4072491174877475,0.3383703433578573,0.516358721502518,1.1736781013758344,8.22903929330732,8.390526315789474,8.789967263299438,0.516163651161248,0.5887700386576544,3.356821882713648,0.24824311089421328,3.9816925749228855,0.0,0.5637974993311206
6,8.4,0.042179393992785,0.36178438586849493,0.4071578870484369,0.3381801801717915,0.5165411209285529,1.1414901962989288,8.229490877035536,8.4,8.789817734326315,0.5044930957489034,0.5872606676080526,3.3609847656001914,0.24282116674645304,3.9025494482452325,0.0,0.5658118544320886
7,8.55,0.04134649532670074,0.3624494679421306,0.40695647441639254,0.3392365457686824,0.5138810291812663,1.4170675423438124,8.227377979010289,8.311478841333868,8.55,0.6121339912909927,0.5915324532041464,3.364713706126451,0.3059094541276352,4.636472004680047,0.0,0.9491633158948952
7,8.571052631578947,0.04114078418368174,0.3625370235820559,0.40699353774510894,0.33930538869002236,0.5140233207616504,1.4178355870502652,8.227645748574995,8.311630823688741,8.571052631578947,0.611984550990897,0.5919215342273776,3.3557491617658517,0.3053554598782706,4.638117625452299,0.0,0.9042532753305058
7,8.592105263157896,0.04094354796624084,0.3625411301163638,0.4071002771835581,0.33940136515119457,0.5142082911431609,1.4241542940655931,8.226743041930476,8.311606764654975,8.592105263157896,0.6131036181731557,0.5932091862277574,3.361825506372195,0.3057926766195605,4.63487049378234,0.0,0.866321960569958
7,8.613157894736842,0.040756134794272425,0.36266147210249416,0.4069892060071021,0.33947722779748685,0.5138995391055698,1.4103481503139728,8.227405729015818,8.311823832693593,8.613157894736842,0.610985755945753,0.5921458751270268,3.357470682837209,0.30539188677981244,4.635589179852376,0.0,0.8281163726693549
7,8.63421052631579,0.04058002992341753,0.3626684716023769,0.4070735321174489,0.33956418805605765,0.5139061606077938,1.412543517709053,8.226621172994925,8.311539211890048,8.63421052631579,0.6120397277636901,0.592529127063169,3.36761098392888,0.30566171090884914,4.63745505672117,0.0,0.7921461959905984
7,8.655263157894737,0.040417448056570604,0.3627328324640693,0.40715332604827703,0.33959432557968056,0.5141825757645506,1.4209364832522087,8.226886102043773,8.311314885830873,8.655263157894737,0.613016121520468,0.5930402272590031,3.3583371731616327,0.30577015739042274,4.640107241470023,0.0,0.7574958288380242
7,8.676315789473685,0.04027049316714054,0.36274759320775557,0.4070991512418599,0.33965615695153095,0.5138639862217645,1.4166565851956,8.226690521155632,8.31116671867262,8.676315789473685,0.6140861551171083,0.5931815987850428,3.3588223119353686,0.30509270303156777,4.648321126549895,0.0,0.7231110534312041
7,8.697368421052632,0.04014096009848358,0.362806408611734,0.4071788214585482,0.3396912982377258,0.5142163547326166,1.4188919438248488,8.226625726028866,8.311454024938383,8.697368421052632,0.61272189998111,0.5933473240392846,3.358892460803287,0.30591770758492065,4.636782309143784,0.0,0.6915884949377219
7,8.718421052631578,0.04003200741415076,0.36279601267286987,0.407146465175639,0.3397175393015801,0.514029206723003,1.4127133112744126,8.226553240245192,8.311401508558522,8.718421052631578,0.6118212776516221,0.5920389832640819,3.3707639433052745,0.30616378271054745,4.635637653203638,0.0,0.6612094715015683
7,8.739473684210527,0.03994607929430693,0.3628554351993618,0.40711756986255543,0.33976199527380535,0.5138966874173437,1.4116954418559031,8.226541571449104,8.31095006172267,8.739473684210527,0.6128921898075954,0.5935153579151868,3.35891704225094,0.3056052655532707,4.647574846136953,0.0,0.6312943447786293
7,8.760526315789473,0.03988646820669365,0.36282579765562073,0.4071858347384188,0.3397558524737288,0.5140958739729459,1.4157977692659534,8.226240427422423,8.311493017843263,8.760526315789473,0.6126912151569249,0.5933520595915414,3.3655938312419367,0.30590759938503287,4.635983784553181,0.0,0.6029238094781527
7,8.781578947368422,0.03985688561961368,0.3628535952442155,0.4071391365154735,0.3397514458780738,0.5137920857749282,1.4082902622420757,8.22650251062994,8.31144328843052,8.781578947368422,0.6119622093674112,0.593560612781411,3.359327346453354,0.30575843775453704,4.63765609374313,0.0,0.5760405858734737
7,8.791110172170896,0.0398542736466942,0.362837526070371,0.4071656119390025,0.3397173515745378,0.513922851850545,1.4120040895701904,8.226796975361028,8.311568800763213,8.791110172170896,0.6121762452592019,0.5922832981694156,3.3631764413303555,0.30558839420361966,4.637357902693848,0.0,0.5636113055974827
7,8.802631578947368,0.03986081722402243,0.3628318373387072,0.40710653984497036,0.33973875980526086,0.5139716063835231,1.4117984943071487,8.22634796968953,8.311273932414764,8.802631578947368,0.6124827693167053,0.5937188406631997,3.360331871352039,0.3056189192996219,4.641958064169044,0.0,0.5518051026131843
7,8.823684210526316,0.039902892439776565,0.36280039892829463,0.40711636821332015,0.3396935036663463,0.5140797321042363,1.41435395510093,8.226340190517304,8.311212950352676,8.823684210526316,0.6121537906058035,0.5933816743781142,3.363339130336557,0.3047692065006477,4.6499492862427125,0.0,0.5250244833616519
7,8.844736842105263,0.03998765226520695,0.36277631933264604,0.4071876639008466,0.33960144271214054,0.5143624230389708,1.4269092492927982,8.226891307841994,8.31089458389651,8.844736842105263,0.6137649118782064,0.5933986729803993,3.3529874524526484,0.3058640741280004,4.646359330458678,0.0,0.5027526410681271
7,8.86578947368421,0.0401198339780051,0.36267921305503265,0.407200407483137,0.3395052679971403,0.5143087160564318,1.4267263760244548,8.226840289248218,8.311520649860459,8.86578947368421,0.6133705550588079,0.5924834164559231,3.3616672959886342,0.30598590410773274,4.634632459773521,0.0,0.4799011543553135
7,8.886842105263158,0.04030553556068169,0.3626137855414172,0.40703576134003594,0.3394094834175623,0.5140082832457833,1.4167264231765813,8.226542215852174,8.311568126281758,8.886842105263158,0.6116616739284656,0.5933914985874928,3.3606321740446217,0.30490105576522286,4.643623327670034,0.0,0.4570360098915181
7,8.907894736842104,0.04055063268656536,0.3624826921134911,0.4070123359276768,0.33924471211217166,0.5141151645523813,1.4210712333109903,8.227336140283969,8.311538275601356,8.907894736842104,0.6119967534815403,0.5919458095730455,3.3573337726026007,0.3056882585195683,4.636588264471463,0.0,0.4377166264997711
7,8.928947368421053,0.04086203883282588,0.36239702485305975,0.4069447206138736,0.3391055569098381,0.5140175473608952,1.4189202568888402,8.227339541329641,8.312005629474342,8.928947368421053,0.6113333518140823,0.591081232860539,3.3651190406964293,0.3054026584212191,4.631077717657469,0.0,0.4181474097178904
7,8.95,0.04124700479551902,0.3622865761884658,0.4069095560207974,0.33884782679268927,0.5142014418555207,1.4306336400834803,8.228340929965514,8.311478194579223,8.95,0.6128070760291316,0.5901665849166488,3.354192733911197,0.3052347695118979,4.641096497749564,0.0,0.4002065506321701
8,0.45,0.041030470445460245,0.3624209364711278,0.405890447655412,0.33913644071016014,0.5155370834810606,1.022515857043498,8.22750375420995,8.339389479798555,8.790337717596234,0.45,0.5914856561163624,3.359781784719086,0.2830722078005383,4.399114970371886,0.0,0.5648543291611371
8,0.4710526315789474,0.04073077720602698,0.36246636379962427,0.40599681772209534,0.3392093262264963,0.5151193628425405,1.068042932937093,8.227322641547863,8.336533466554124,8.789715191091275,0.4710526315789474,0.5913072008828444,3.3644015753668746,0.28543347327847673,4.421725106005434,0.0,0.5654376438455718
8,0.49210526315789477,0.040478701320035886,0.36250768326014843,0.4061335463441036,0.33927257443283043,0.5152609556095401,1.121604735751673,8.227182009664498,8.333477079998099,8.789814629996513,0.49210526315789477,0.5916898046169013,3.3631232820364882,0.2874382539578107,4.450598141093675,0.0,0.567535591044904
8,0.5131578947368421,0.04027300396289093,0.3626269604472092,0.4062324926538534,0.3393811172359058,0.5147663024754898,1.1668003499284003,8.227382119237143,8.32921604653737,8.789727059311506,0.5131578947368421,0.5928114735213619,3.350486885239537,0.28976004056342797,4.497033304401853,0.0,0.5672887919200534
8,0.5342105263157895,0.040109417277452444,0.362622792737347,0.40646214730229846,0.3394271291703009,0.5148127471410935,1.221718421538074,8.227068394817818,8.326452210105336,8.789916330804228,0.5342105263157895,0.5920187708121057,3.3619874297342753,0.2933663090277934,4.508505786099011,0.0,0.5660068373564799
8,0.5552631578947369,0.03998850991304419,0.3626596058533967,0.4067238983563882,0.3395002664687578,0.5148643090750592,1.2788502386708513,8.22674411833181,8.322623065416177,8.79036617367588,0.5552631578947369,0.5922748075441189,3.365389755339869,0.29660786560988706,4.540116497027753,0.0,0.5646461843912491
8,0.5763157894736842,0.03990703918246057,0.3627078963787394,0.4068482991516715,0.33959506468134076,0.5144429600135021,1.3259378686266428,8.22641384879633,8.318505615467092,8.790219300170124,0.5763157894736842,0.5927129038476836,3.3675095654817944,0.2999214734862946,4.5763868327437995,0.0,0.5664268984610108
8,0.5973684210526315,0.039863925468603116,0.3627679399831286,0.4070260183407185,0.3396821349430668,0.5144254545044867,1.3814371342536491,8.226263220254754,8.313824560809541,8.790890149824124,0.5973684210526315,0.5938387801841843,3.3615339560946293,0.3022816189805035,4.630652801708615,0.0,0.5636049398188807
8,0.6089422740958476,0.03985479427378543,0.3628007624693726,0.40711047460999344,0.33973395182352684,0.5140196319877137,1.404079946490225,8.226143687840036,8.311973678721941,8.788480814507425,0.6089422740958476,0.592729110562124,3.37182085331183,0.30535153271803195,4.6334847079655885,0.0,0.5690096481244414
8,0.618421052631579,0.03985576132523107,0.36277573622735937,0.4072979379272268,0.3397004632957176,0.5145105444326885,1.4427960555109565,8.226400540490689,8.309901939296257,8.789422778006058,0.618421052631579,0.592245328333887,3.3701397417947323,0.3067121447584571,4.65416851743646,0.0,0.5678904600103543
8,0.6394736842105263,0.039880996030158426,0.3628990816413625,0.40738138193629625,0.3398409389022721,0.5135992137648145,1.4787912621855688,8.226299587774557,8.305621927266941,8.78966531412156,0.6394736842105263,0.5930227757429609,3.366554943106229,0.3102059624780992,4.692778214161278,0.0,0.5666219876292519
8,0.6605263157894736,0.03993827894954505,0.3629578533110403,0.4076400603917589,0.3399302900803585,0.5138190125126192,1.5414169409046992,8.226009623531583,8.300566573382326,8.78929599352956,0.6605263157894736,0.5942447884976633,3.3615083342537813,0.3146107360358776,4.739194455466197,0.0,0.5667329759180835
8,0.6815789473684211,0.04002529201665604,0.36298973471273616,0.40788965257101567,0.34002532595095425,0.5138097739174265,1.5994945880795788,8.225489548800109,8.29617686996592,8.789801873213591,0.6815789473684211,0.5945808644307493,3.3684219155339052,0.31867405008258193,4.775594842983144,0.0,0.5671475686498524
8,0.7026315789473685,0.040140340717404015,0.36303366624765954,0.40808572097394474,0.34012140125353396,0.5135229341527473,1.6519205522554334,8.225037887474004,8.291479791847081,8.789463000717415,0.7026315789473685,0.5949931613662086,3.372716397770712,0.32342251050406773,4.812882187479709,0.0,0.5682422141918172
8,0.7236842105263158,0.04028171330712698,0.36310959304066437,0.40831091640315564,0.34013826455906926,0.5135816336359287,1.7134675661982453,8.225599486040421,8.286892882632243,8.788601271569535,0.7236842105263158,0.5944670788054857,3.366795117662918,0.3277106266092845,4.851694934285891,0.0,0.5653520308660419
8,0.7447368421052631,0.04044708804905542,0.36314810271811343,0.40859727425795644,0.3402017318241827,0.5136631186127655,1.7784688780146072,8.225667370294799,8.281786227273981,8.789553836952408,0.7447368421052631,0.5947433913307469,3.3624047021309993,0.3327903851510812,4.89575810633288,0.0,0.566391615668354
8,0.7657894736842106,0.04063368720699191,0.363194912729836,0.4086170059645356,0.34035233332824205,0.5130099127483875,1.8187175935082234,8.224751661990679,8.275926015222723,8.790063449121975,0.7657894736842106,0.5951582468592255,3.3756483277602887,0.33674947160879576,4.962311637094889,0.0,0.5657916057617857
8,0.7868421052631579,0.04084251460917289,0.36328243730533893,0.408913704347081,0.3403765454642499,0.5133626099746278,1.8903343811299669,8.224985359705322,8.271009989887107,8.789809342599566,0.7868421052631579,0.5952156633527841,3.370739730667318,0.3420098372364851,5.004303070359235,0.0,0.566730366226609
8,0.8078947368421052,0.041070266842569876,0.36326352958606806,0.40912753880255953,0.34045288043196203,0.5134512360365268,1.9555441366254658,8.224625922451006,8.265143398528828,8.789627683287293,0.8078947368421052,0.595388510100998,3.375442313223885,0.3474104953260801,5.059274745255238,0.0,0.5655596834898128
8,0.8289473684210527,0.041315090637295666,0.36337251666185044,0.40909117289776326,0.34058947977937687,0.5125864987833076,1.9896440565042504,8.22447332856149,8.259019990767687,8.78986310124208,0.8289473684210527,0.5960756858054221,3.3721021642686093,0.3512515543828428,5.135412278532466,0.0,0.5658803552332284
8,0.85,0.04157672962511233,0.3634342610889547,0.40930325955204216,0.3406511894890113,0.5127114960977176,2.0553915076202123,8.224510048725563,8.253401496604086,8.789660973554946,0.85,0.5967827591281145,3.365739117304083,0.3568170587122334,5.189173904861933,0.0,0.5670366203100499
9,0.45,0.04114476546744768,0.3624343807993643,0.4060405602249328,0.33653030883717416,0.5140580328058036,1.445979771673547,8.269057236031305,8.313466847068984,8.790440096163657,0.6088251089178967,0.45,3.667226562291962,0.30339155234027904,4.621638363477231,0.0,0.5679753436751143
9,0.4710526315789474,0.040768091609814545,0.3626158984272196,0.4062962413007667,0.3370243632671472,0.5145686062920583,1.4579999026987296,8.263428986151505,8.312196820506003,8.790349514149145,0.6116340024988165,0.4710526315789474,3.611593221885744,0.3035971883486634,4.64111539005477,0.0,0.5647608817975828
9,0.49210526315789477,0.04046359967742529,0.36277875767375933,0.40642471114110496,0.33755457402402533,0.5140827015133739,1.4366011959018923,8.257496577636118,8.312858829052034,8.789118110419352,0.6098074754093815,0.49210526315789477,3.5597870532938307,0.3042356196966161,4.6254123252564305,0.0,0.5701580024587718
9,0.5131578947368421,0.04022569922427465,0.36285007520497603,0.4065749335886362,0.3380434312721454,0.5142290625740186,1.4372442048152034,8.251268587596279,8.311858753994805,8.790190112052185,0.6115627064422962,0.5131578947368421,3.5136083971212955,0.3044783278004846,4.640731165052707,0.0,0.5655641803974034
9,0.5342105263157895,0.04005066947543866,0.3629131905608663,0.4067509898535767,0.3385077718320852,0.5140020634596295,1.4271153610891212,8.245114127971549,8.3118884911512,8.789169727838388,0.61131173660183,0.5342105263157895,3.4669676836321903,0.3050359766350523,4.635804431534551,0.0,0.5685045714035097
9,0.5552631578947369,0.03993347700888652,0.3628800821811659,0.40692979171257376,0.3389527891650369,0.5142255090810819,1.4319198135600748,8.238282675190273,8.311024093771191,8.790305440550771,0.6136036331249102,0.5552631578947369,3.431627814762551,0.30539448351917514,4.647208930075229,0.0,0.5646056142750042
9,0.5763157894736842,0.03986974659899022,0.3628707734887337,0.4071002987029521,0.3394096355553705,0.5139335290354865,1.4162503030180562,8.231633904768149,8.31174052354117,8.788283984449318,0.6117165377128229,0.5763157894736842,3.394995493000616,0.3059915443690615,4.630410854479423,0.0,0.5678679200881167
9,0.5945166373026433,0.03985429263098427,0.3628218081241259,0.40712065291867416,0.33978402772808225,0.513951509612006,1.4117460770891015,8.22571736096746,8.310962578338106,8.790631248010492,0.6129060645388656,0.5945166373026433,3.365953430728956,0.30545738308640114,4.648710075830932,0.0,0.5640058828222315
9,0.5973684210526315,0.039855238537703015,0.3628308822688159,0.4071004791350831,0.339822037377637,0.5138831412359691,1.4069084778840586,8.225470600404948,8.311196660473664,8.788852160538871,0.6121271308604742,0.5973684210526315,3.3494085873268045,0.30593705170596025,4.639753684000247,0.0,0.5663686125642768
9,0.618421052631579,0.039886053685298656,0.3627034484205949,0.40724949140920574,0.34028499052493394,0.5134832106854648,1.39455636517497,8.217631817536684,8.311461168049759,8.790081895227905,0.6121892087068144,0.618421052631579,3.3352386319152454,0.3060396909673418,4.635698921959212,0.0,0.5670377659645897
9,0.6394736842105263,0.03995778070683563,0.36257072088645337,0.40738296253446,0.34064549473754085,0.5137503549393523,1.3958301076773494,8.210837208166543,8.311050012407128,8.789391486576102,0.6125454106893545,0.6394736842105263,3.303977356098957,0.3060632978508627,4.642501119535377,0.0,0.5675155940264264
9,0.6605263157894736,0.040067757243060165,0.3623874188876552,0.4076083664713603,0.34100264685715515,0.5139286947843384,1.400937224069226,8.203813866506025,8.311072362972123,8.787921068294967,0.6141872799228602,0.6605263157894736,3.2783047100016343,0.3059523120319961,4.642985684103751,0.0,0.5687078546836927
9,0.6815789473684211,0.040211964250892324,0.36225434576554527,0.40773355004100986,0.34138513044379176,0.5139696744360465,1.3975340584406395,8.196978425793441,8.310529188950946,8.788840577890667,0.6145283941160925,0.6815789473684211,3.250009328370512,0.30670659292473706,4.646135829832608,0.0,0.5679256886295713
9,0.7026315789473685,0.04038767714029268,0.36202088298757534,0.4078432643891018,0.34174095772315655,0.5139485062364244,1.392214686894985,8.189421258590551,8.31021637522686,8.789054312275312,0.6146576538531019,0.7026315789473685,3.2370940723803163,0.3072406656476931,4.6474170535739034,0.0,0.568047583314396
9,0.7236842105263158,0.04059179012774903,0.36180168224888254,0.40798391170662535,0.3420802479597958,0.5138519537709137,1.3880313129812796,8.18232098175634,8.310072949882642,8.788557538558749,0.6149735500376858,0.7236842105263158,3.216728990929519,0.3072691321417248,4.65004023948416,0.0,0.5677157639244006
9,0.7447368421052631,0.040821563413075884,0.3615462678940634,0.4080880665409878,0.34242110281061966,0.5137474325001304,1.3835147631038331,8.175053564296668,8.309841371945001,8.788801431570294,0.6157710402447875,0.7447368421052631,3.2019266683949454,0.3075371748928235,4.65212520340698,0.0,0.5675901867445493
9,0.7657894736842106,0.04107446874346286,0.36127209647264347,0.40828561008130787,0.34270790483237473,0.5142153625422247,1.3903350142565172,8.167858646064582,8.309631374898647,8.788534610881438,0.615820956582253,0.7657894736842106,3.1868455704638268,0.3079908403093415,4.652116601488448,0.0,0.5683831241058126
9,0.7868421052631579,0.04134809663652175,0.3609831024281379,0.4082760263152481,0.3430451002964427,0.5137389748866268,1.3745264900299246,8.160584232747352,8.309434309792985,8.787712860788766,0.6155333741291389,0.7868421052631579,3.1760619773422247,0.307823242945934,4.657116977037186,0.0,0.5691967789737058
9,0.8078947368421052,0.04164030748962974,0.36066327958350936,0.4083666687422645,0.3433338846160783,0.5136810967687228,1.3705995339601733,8.153028191050398,8.309408918461674,8.788699476945562,0.6157654258613069,0.8078947368421052,3.1731838971544244,0.3077702247960984,4.658056794098601,0.0,0.5688641151628825
9,0.8289473684210527,0.04194889981645266,0.3603479525026254,0.40854232361071147,0.3435977186894329,0.5138437007493868,1.372418973402201,8.146011322945025,8.309406587961034,8.788401584494535,0.6161474946115081,0.8289473684210527,3.1599989113593216,0.308466700786783,4.652138095569419,0.0,0.5698128875003161
9,0.85,0.04227260961562656,0.36002659429341966,0.4085435402285257,0.3438893497777183,0.5135234001171047,1.3613748974283775,8.138749734098505,8.308902577291946,8.78875202097618,0.616098690584483,0.85,3.1545304047691234,0.30821009325399246,4.663473886568119,0.0,0.5698071900721706
10,2.1,0.042473715837447815,0.3676511778654975,0.40747451035335824,0.34045461156028717,0.5141798310261655,1.4050726304156707,8.252320948109617,8.312225897163605,8.789379315948212,0.6112447453832607,0.6869550565136577,2.1,0.30588462014252593,4.624427079016438,0.0,0.5656906968410194
10,2.2263157894736842,0.04195369093072711,0.36713835074283196,0.4073509131836532,0.34025016793279195,0.5140078006502387,1.4123893140683865,8.25196332337184,8.310455022016107,8.78874256069681,0.6140532565955527,0.6732810996251247,2.2263157894736842,0.3060307736755417,4.653177875056023,0.0,0.5666672543535963
10,2.3526315789473684,0.04149416861750281,0.36660790080030187,0.40728156036234986,0.34004417985574287,0.5140767271516367,1.4109589968177059,8.25092978520458,8.311433505709395,8.789391602184992,0.6123170500433153,0.6607369802717052,2.3526315789473684,0.3062019324210791,4.6348668432168525,0.0,0.5667562199311422
10,2.4789473684210526,0.041094401793223705,0.3660981280737423,0.40715737053026096,0.3399067530428144,0.5139290912526621,1.4091800606175198,8.249253089307174,8.311134808031298,8.789532813813222,0.6125540246504525,0.649547798534638,2.4789473684210526,0.30554325087456385,4.644830402013871,0.0,0.567938697674168
10,2.605263157894737,0.040753510111891565,0.36561127903938256,0.4071568686126322,0.3397725227822472,0.5139880990779652,1.4148484735144435,8.247176053152966,8.310907790137092,8.790463966208875,0.6132651309110962,0.6391083028776463,2.605263157894737,0.30608726129126973,4.644656730995277,0.0,0.5658031014477479
10,2.731578947368421,0.040470477525819476,0.36511340149123267,0.4071347496866546,0.33970936169374033,0.5141095314805313,1.4189118703179155,8.244503842237444,8.310595124748922,8.789568726097045,0.6136119463302167,0.6298850471374577,2.731578947368421,0.30533831274732126,4.655696711114969,0.0,0.5649648816353431
10,2.8578947368421055,0.040242973473449975,0.36464638204927347,0.4070893137174326,0.3396384930580207,0.5140285306779593,1.4146896945719745,8.24201656237182,8.311429480810455,8.789768306090316,0.6126951499479822,0.620101041079141,2.8578947368421055,0.3055097358163099,4.639662524640054,0.0,0.5681474621815862
10,2.9842105263157896,0.04006983948975524,0.36418013361337254,0.40711373026141134,0.33963480406445995,0.5140174469435493,1.4158017872261486,8.238522839409534,8.311203224532571,8.789563647881533,0.6127153190712543,0.612511026179644,2.9842105263157896,0.30558488798165023,4.643738474944675,0.0,0.5667780085183262
10,3.110526315789474,0.03994898499232612,0.3637137363636717,0.4071276855154323,0.33964741142544813,0.5140051339000828,1.4135424388352709,8.234609271624223,8.311685094376976,8.78915338920261,0.6120637862491916,0.6057996532965769,3.110526315789474,0.3057938080530881,4.633465247233341,0.0,0.5681546024613551
10,3.236842105263158,0.03987817747646472,0.3632606727517229,0.40717243964632077,0.3396731839829598,0.5140596679387008,1.4130426639684157,8.230649648163102,8.312144009488737,8.789946812019545,0.611456577811889,0.5992076459223932,3.236842105263158,0.30614837479849855,4.623324338486292,0.0,0.5657979161536285
10,3.3614800300905427,0.03985446397622858,0.36283387139296297,0.40716916026403904,0.339741080318318,0.5143464410979831,1.4247332075016284,8.226491727004747,8.310480011234686,8.789608286633648,0.6142736037110057,0.5932423322709656,3.3614800300905427,0.305430814506336,4.656800049841813,0.0,0.5664343959344433
10,3.363157894736842,0.0398546729016587,0.36278525022387154,0.40727249320584397,0.3397418212608286,0.5146485167043859,1.4328336251743097,8.225943443303517,8.310574668587304,8.790069803383963,0.6145268032142992,0.5943748083307622,3.363157894736842,0.30594837933394053,4.650711879415413,0.0,0.5649556012484472
10,3.4894736842105267,0.03987567109179341,0.3623838001374999,0.40733368214275345,0.3398090613894298,0.5144367718875653,1.427852587053666,8.221711507366356,8.311247640662867,8.789438903039205,0.6141415503683457,0.5883076001320863,3.4894736842105267,0.3062112369340614,4.63727139844769,0.0,0.5668425992288341
10,3.6157894736842104,0.03993909583912855,0.361972261268316,0.4072798594763373,0.3399505617458475,0.5141845186045232,1.4177729570827866,8.216622598101496,8.31062320432646,8.789391015507679,0.6132943869056715,0.584281083143111,3.6157894736842104,0.3061362939845768,4.648966779448669,0.0,0.5684558914805918
10,3.742105263157895,0.040042375066800036,0.3615492935780773,0.40729179853094905,0.3400772842060539,0.5140451141761109,1.4129341454749669,8.211460029687878,8.310846965921964,8.79051065533714,0.613326476173849,0.5805724462473556,3.742105263157895,0.30623692230938393,4.6443151733078505,0.0,0.565279711107147
10,3.868421052631579,0.040183242875848284,0.3611269454667839,0.4073375157453704,0.34023545811109135,0.5141251985389222,1.4153198662389375,8.206028823699448,8.31011649371375,8.790094063149715,0.6143010727838915,0.5775690237668349,3.868421052631579,0.30622534940112317,4.657281564128321,0.0,0.5666133699291636
10,3.9947368421052634,0.04035824405203803,0.36073351391572617,0.4074153744001931,0.34038885124435214,0.5142252820660634,1.4114312375316662,8.200486469226616,8.310961977673278,8.789944945493776,0.6131805631575311,0.5748592031976193,3.9947368421052634,0.3065366064828311,4.640614307011713,0.0,0.5663843363693979
10,4.121052631578948,0.040565608843002005,0.3603198507570105,0.40745004696150844,0.34057334839803544,0.5140234326390186,1.406529541199173,8.19451204057928,8.310801425219179,8.78999591156884,0.6136664716417062,0.5733099845759887,4.121052631578948,0.30637238138446826,4.644270943523097,0.0,0.5662014157687786
10,4.247368421052632,0.04080276567691504,0.35992502491515177,0.40751276580565804,0.3407571163616802,0.5139098482006712,1.4022845546762654,8.188777187757609,8.310708763733476,8.790278202330196,0.6136391694425197,0.5712783693641905,4.247368421052632,0.3065237777969186,4.644783426089212,0.0,0.5653635516334606
10,4.373684210526315,0.04106752821988694,0.3595410697748101,0.40750882295778584,0.34096829926317795,0.5136264082361226,1.3909917444555504,8.182703935238901,8.31103248781693,8.789854957548277,0.6130169377171395,0.5702574947147888,4.373684210526315,0.306637365036345,4.638192254138638,0.0,0.5674713133655421
10,4.5,0.041357021835983596,0.35911732521213313,0.40769017614746866,0.3411423146954373,0.5142183972494413,1.402899406599265,8.1763573512054,8.310617653494754,8.788821388712877,0.6134819605306927,0.5701475078726421,4.5,0.3066654316878962,4.645352674637539,0.0,0.5685612532547463
11,0.15,0.04287407300676447,0.3616510222674992,0.3992873835866381,0.3379569635182726,0.5194539236251469,1.212286921352528,8.229996146180016,8.345799221118641,8.789774765463088,0.5621016657029185,0.5865983928685173,3.35804202438416,0.15,5.18957746064746,0.0,0.5646880997656766
11,0.16578947368421051,0.04226089516081515,0.36178641288867625,0.40045561600872526,0.33820986170726536,0.5185850395784515,1.2291758982487848,8.229274165368507,8.343894051900653,8.791346085992327,0.5655742918815797,0.5872518554189563,3.3650050378366783,0.16578947368421051,5.116398262020593,0.0,0.5626265388607866
11,0.18157894736842106,0.04172130411630202,0.36194575961986913,0.40151007174721126,0.33843935146865894,0.5179600340451352,1.248056910306767,8.228771315671077,8.34173837956383,8.790031514354073,0.569414823466046,0.588820119044918,3.3611765673994283,0.18157894736842106,5.044393348876223,0.0,0.5670338897381616
11,0.19736842105263158,0.04125515242522053,0.3621036280061872,0.40241744999082374,0.3387093783999498,0.5166865720170044,1.2552116001161902,8.227995691189564,8.338900456636647,8.787842937887472,0.5735622520989054,0.5900733291797429,3.364029190623021,0.19736842105263158,4.980669126574573,0.0,0.5702375362009249
11,0.2131578947368421,0.04086018772655314,0.36225912893123285,0.4032445668876175,0.33891291247947014,0.5160563141739607,1.268567284570582,8.227851244938723,8.335625852631003,8.789201862858587,0.576340460799887,0.5907982159706343,3.3604695963404794,0.2131578947368421,4.924112080938923,0.0,0.5685732952771296
11,0.22894736842105265,0.04053429481434839,0.36229926993622086,0.40417232750361326,0.33905234702422404,0.5159619597958681,1.3042272041163379,8.22710410454051,8.332049949823203,8.789770101901203,0.5834370437041484,0.5899021512549649,3.3800771435579584,0.22894736842105265,4.869262869214182,0.0,0.566659234630956
11,0.24473684210526317,0.040275430284765754,0.3624364927731007,0.4049818530858666,0.3392213943006393,0.5156948298646791,1.3344876715052743,8.226849762858729,8.328278352622997,8.790338980614473,0.5905538524295327,0.5920961878697859,3.3667867673899297,0.24473684210526317,4.815491683741995,0.0,0.5656018543001968
11,0.2605263157894737,0.04008064936048046,0.36258627005635585,0.4056030981050321,0.33934980343513843,0.5150413116602703,1.346010870429356,8.22719633913607,8.324955800040334,8.790042223959212,0.5937602326374546,0.5924162844897202,3.357870108411544,0.2605263157894737,4.7542593678894,0.0,0.5663197282015965
11,0.27631578947368424,0.03994809620754584,0.3626244857338045,0.4062215951720867,0.33947524054252975,0.51469266484967,1.3658708097211105,8.22665761059221,8.32105678946504,8.790284897981758,0.598112443547484,0.5923641491690472,3.3672032124287954,0.27631578947368424,4.701486753980295,0.0,0.5658779923135567
11,0.29210526315789476,0.03987414172150133,0.36276871910664665,0.40678008503304763,0.3396158249694983,0.5145995756899842,1.4046142602411897,8.226772887546746,8.314885231821483,8.789967226953632,0.6084798650863222,0.5929186209105013,3.359731244623797,0.29210526315789476,4.6841788202537185,0.0,0.5659299564062364
11,0.3052764519602842,0.03985421460624245,0.3628086681050837,0.4071834608087167,0.3397642175321187,0.5140702323501048,1.417373707025531,8.22588454249297,8.3109410068621,8.78957824116919,0.6132696087553429,0.5936323802629031,3.369959806125583,0.3052764519602842,4.6505849270741635,0.0,0.567069203944391
11,0.30789473684210533,0.03985478802900869,0.3628529177076598,0.40730975933619484,0.33973742927388456,0.5142981787201591,1.427710985275309,8.226612668491834,8.310518764574915,8.789266981181203,0.6143634129468153,0.5930511038143059,3.360567979202414,0.30789473684210533,4.637392063953825,0.0,0.5656649447745707
11,0.3236842105263158,0.03988718577989278,0.36291812673913393,0.4076587809571944,0.3398909671193237,0.513690763340169,1.4417780878403426,8.225998739507983,8.305432262544812,8.790165211883549,0.6206226157778864,0.5937391756884028,3.365963135974703,0.3236842105263158,4.601729760525898,0.0,0.5663335675603686
11,0.33947368421052637,0.03996799570701977,0.36301241969323117,0.4080343958919271,0.33996854191077863,0.5135590049821024,1.4739358476979045,8.226345280509209,8.299233864582202,8.790294768376306,0.6292867706298749,0.5931526681663777,3.3632122371354427,0.33947368421052637,4.584998706299256,0.0,0.5656117429878824
11,0.3552631578947369,0.040093736004523706,0.3630539054727123,0.408304350331375,0.3400631545162351,0.5134279622272577,1.5047782905395626,8.226189092837283,8.292728716212723,8.789300432352839,0.6387991132546591,0.5928187274588834,3.3677866327773462,0.3552631578947369,4.573513908565702,0.0,0.567276822522156
11,0.3710526315789474,0.040260618151224885,0.36317710692361405,0.4087340017919288,0.34018220458765785,0.513503106630804,1.5404380425803947,8.225790288810536,8.28723499513611,8.789579292043685,0.6471905965102348,0.5950033782747489,3.3577290100117505,0.3710526315789474,4.544694756559801,0.0,0.5660078565634338
11,0.386842105263158,0.04046561513631303,0.3631679171492601,0.4090603866038449,0.3402810697942584,0.5132961433836063,1.5684448570686331,8.225180400496955,8.281253907290182,8.78935023200174,0.6552829944639631,0.5944131779132583,3.374183566059062,0.386842105263158,4.525592887053149,0.0,0.5664524550173834
11,0.40263157894736845,0.04070529795951338,0.3632715237229712,0.4092216890955243,0.34039468261360717,0.5131161061973906,1.6052902650227825,8.225097582164432,8.273179284313919,8.789693598522117,0.6677894654567991,0.5959665756937076,3.3623900725979214,0.40263157894736845,4.543981207998702,0.0,0.5668883718243732
11,0.418421052631579,0.04097635529086801,0.3633175588496084,0.4093575052886468,0.34050566528739556,0.5127483451184495,1.6246518688667506,8.224696387158952,8.267617387005114,8.790182826211904,0.6759319458705039,0.5959380835273814,3.369914884565215,0.418421052631579,4.517154765800052,0.0,0.5672975934345864
11,0.4342105263157895,0.04127625295753787,0.36337838678397694,0.409591824320669,0.340573928169157,0.5129282901862975,1.6665004830438455,8.224606459536606,8.260538734574268,8.789508538663613,0.6867880578938187,0.596681075595717,3.3651208378138664,0.4342105263157895,4.519519630111099,0.0,0.5666158613653831
11,0.45,0.04160223928958871,0.363452818362045,0.4097290836970988,0.3406294095275246,0.5130469957315097,1.7009923447319943,8.224916038933738,8.253928573445585,8.79017878077706,0.696233723295606,0.5966186114193074,3.3597956189158205,0.45,4.514759882714397,0.0,0.5669973435494902
12,3.5,0.04194366753673864,0.3626520757166002,0.4108081138071065,0.33947155255720496,0.5132146248118524,1.3074849930218584,8.226909696868711,8.357501972523872,8.7900759627961,0.5566390548038157,0.5924396642513794,3.362159689104536,0.3515860077992986,3.5,0.0,0.5659007694675446
12,3.6315789473684212,0.041450370234803274,0.36264128987932337,0.4101919175119521,0.33948113420865184,0.5133199386299163,1.3107069091654293,8.22670687988972,8.353344481861011,8.790198489643236,0.5612153543996721,0.5926400939812098,3.3636714391496962,0.34402631930358163,3.6315789473684212,0.0,0.5667487878032703
12,3.763157894736842,0.04103201298486416,0.36262383128627923,0.4097319159148373,0.339465370363996,0.5140639090421871,1.3319734166162083,8.226692350072138,8.348705944483822,8.789962312790372,0.5671728092902972,0.5932406959744075,3.3594159129435543,0.3373240290026129,3.763157894736842,0.0,0.5665105617926252
12,3.8947368421052633,0.040684069038979684,0.36266743636283555,0.4091986749258849,0.3394919929703641,0.5138433143272683,1.334131789730884,8.226935227556663,8.343553767628693,8.79022996927739,0.5725124129687056,0.5922194406969163,3.3624065257356706,0.33161198617527193,3.8947368421052633,0.0,0.5659007042870472
12,4.026315789473684,0.04040315128296518,0.3627000355074945,0.4087851161555827,0.33950315926117297,0.514096920933388,1.34890890154909,8.227026056096978,8.338747349595392,8.790553093087754,0.5789519768783339,0.5926142749825916,3.358062164479233,0.32520925198698275,4.026315789473684,0.0,0.5661072835439728
12,4.157894736842105,0.04018494631342849,0.36272287068080067,0.40833731654385735,0.3395071141214051,0.5141863400189379,1.362341206251916,8.227317237321499,8.333085246358674,8.789583905222077,0.5856327139286072,0.592910724493823,3.3497370318962782,0.3204362314155213,4.157894736842105,0.0,0.5669268474451229
12,4.2894736842105265,0.0400246988365609,0.3627162857251076,0.4080112757244527,0.33960449139046417,0.5140841623036209,1.3738964571983132,8.22635460679411,8.327285480689639,8.789624447016479,0.5925968518372142,0.5927215594057312,3.3692101215640653,0.31608267960436726,4.2894736842105265,0.0,0.5662623534285712
12,4.421052631578947,0.03991932221557221,0.362760627135994,0.40757535047124555,0.3396613420560547,0.5138955335135639,1.381734152349757,8.226398861691829,8.32171996161062,8.789504681826303,0.5996979954677351,0.5927597764811223,3.3672320710800956,0.31122152583199064,4.421052631578947,0.0,0.5669311903493574
12,4.552631578947368,0.03986444010369783,0.36279887052169335,0.40737373027153806,0.3397071384628735,0.5141194095404727,1.4046779263847944,8.226383797802763,8.315433047441042,8.790682831115651,0.6073376872345626,0.5933523420083703,3.3628428358395066,0.30803426224085656,4.552631578947368,0.0,0.5654216264215323
12,4.63105968899202,0.03985421977326194,0.3628240310743542,0.40722492958719797,0.33975203615707894,0.5140904751093994,1.4161991935506175,8.226182014323534,8.311655097395008,8.789891488400015,0.6124208788998237,0.5934618999384257,3.3656920397378203,0.3061485970620084,4.63105968899202,0.0,0.5661772146056085
12,4.684210526315789,0.03985639391319113,0.3628492775300382,0.40709391086357005,0.3397831913441169,0.5140536731670982,1.421403366702049,8.226119484526563,8.309095958209133,8.789285357838617,0.61546922970886,0.5939588254299832,3.362782505648357,0.3049915126679223,4.684210526315789,0.0,0.5674283918184908
12,4.815789473684211,0.039891447570303704,0.3628819799467281,0.4068247164866142,0.33983258762113716,0.5140025321892698,1.4391928864256025,8.226095227064617,8.30289960884397,8.789678270183186,0.6237564020187262,0.5936074293240391,3.3655403694667845,0.30173597870596,4.815789473684211,0.0,0.5663503029495678
12,4.947368421052632,0.039966286917895937,0.36289872922884486,0.4066766805592404,0.3398982382080078,0.5142269985146846,1.4672254319590932,8.22574892254015,8.29622230701313,8.789715494945472,0.6331601228811721,0.5937151172688093,3.370808166974784,0.29966897552748745,4.947368421052632,0.0,0.5673475779013584
12,5.078947368421053,0.040077396669274734,0.3629800537876154,0.4064728150560385,0.33995428909928693,0.514156556550755,1.4858601888533078,8.226046433425626,8.289773576441785,8.788715915904993,0.6411578394944446,0.5940787692250368,3.3619917634386014,0.2973334078979854,5.078947368421053,0.0,0.5673658096685866
12,5.2105263157894735,0.04022167829108905,0.36301356008572416,0.4063173028678107,0.3400267123819859,0.5141240007244428,1.5077890839934716,8.225708360603134,8.283502945143626,8.79008276460371,0.6501469350649836,0.5945456007192049,3.3643326282460255,0.29467555865365747,5.2105263157894735,0.0,0.5660879823881659
12,5.342105263157895,0.040396254222149694,0.36305197394667293,0.40618364003029334,0.3400990098490095,0.5140613786584151,1.531870754218912,8.225493011754985,8.276674488948222,8.789257725230012,0.6598413348201784,0.5945738048823576,3.367559656437215,0.2934699351890033,5.342105263157895,0.0,0.5666471172778258
12,5.473684210526316,0.040598423627633495,0.36311103161167374,0.40602432931122495,0.34019503442842164,0.5138250197256116,1.5523777769665805,8.22530866811699,8.269752576315364,8.789204275205396,0.6697341490033052,0.5948292830455073,3.368210743469993,0.29253831159251453,5.473684210526316,0.0,0.5656013181614089
12,5.605263157894736,0.04082544314775795,0.3631713369835806,0.40599329191434863,0.340257320374825,0.5141556992481949,1.5877268556887991,8.225262600977942,8.263007567089858,8.789236717277864,0.6801953255129384,0.5953915413223451,3.3641192993394617,0.29159582496386866,5.605263157894736,0.0,0.5671162042884014
12,5.7368421052631575,0.0410749164114913,0.36320966942314525,0.4058280935499382,0.3403267133095678,0.5139872944842027,1.6093531855985825,8.225125525156908,8.256080932596305,8.789878711289246,0.6899408943618167,0.5950852994535984,3.3691936629544617,0.2911473330703479,5.7368421052631575,0.0,0.5668816004859328
12,5.868421052631579,0.04134473417819426,0.36324926090815174,0.40579297915141715,0.340380319732205,0.5140650689992884,1.6403699865280608,8.225017530124033,8.249123610186633,8.789319386021857,0.7001306418637269,0.5952564377163936,3.369689255534116,0.2910239304797474,5.868421052631579,0.0,0.5679258036644586
12,6.0,0.04163273152387089,0.3632696111664965,0.4056958883174225,0.34043166382219303,0.5141408954541329,1.6684967471352634,8.224942463578603,8.242606812287566,8.789288371040145,0.7100745189319277,0.595202108394116,3.3714016477683337,0.29011644145244525,6.0,0.0,0.5675044316769771
14,0.2,0.04195320154584813,0.36269372944408734,0.40705577388981595,0.33954218169745176,0.5139232480471122,1.41300932706226,8.226626055571419,8.31143713609938,8.849440221945397,0.6120568012942912,0.5928364294184899,3.363647794347123,0.3051533623202398,4.643010556390824,0.0,0.2
14,0.25263157894736843,0.04132701068073043,0.3626492938868005,0.40704873861076224,0.33950974995786415,0.514068043628752,1.4148384197920538,8.226623584955716,8.3116582184074,8.85138864014062,0.6116537851629356,0.5924498922811031,3.3661650361449604,0.3049961151759841,4.640171855092587,0.0,0.25263157894736843
14,0.30526315789473685,0.04082314873281504,0.3626619029955456,0.40716624132018236,0.33949415777345615,0.5142473686187665,1.4220774379945158,8.226739259901937,8.311965019357734,8.849098700217711,0.6122801279852333,0.5923526936936774,3.365181517939987,0.3061166790741849,4.626076940273786,0.0,0.30526315789473685
14,0.35789473684210527,0.04043719880097344,0.36272408130907347,0.40714132125359703,0.33952534912158655,0.5142331351364535,1.4220204188766168,8.227194152241392,8.311666064754474,8.842285598346487,0.6127340469187055,0.5924419156363552,3.3558354985691388,0.30604815529513446,4.631563850005213,0.0,0.35789473684210527
14,0.4105263157894737,0.04016005459277975,0.36271030018481165,0.40716812719389234,0.33958420525720195,0.5143203947975008,1.4242673655225275,8.22643729482829,8.31124496018345,8.832519391399918,0.6131520768408181,0.592878420597173,3.366159602037618,0.30565537332182097,4.642180940669985,0.0,0.4105263157894737
14,0.4631578947368421,0.03998084137542273,0.36275000014445463,0.4069271019265802,0.3396865142494895,0.5133383378990007,1.3927237427378736,8.22609732474959,8.311553380660527,8.820220570049974,0.6103687524900401,0.5923259057954648,3.3759474383312456,0.3044139237083261,4.647168558910968,0.0,0.4631578947368421
14,0.5157894736842106,0.03988248647315996,0.36282835124864177,0.4071749326202828,0.33968850101162906,0.5142121555856045,1.4209842627992955,8.226716959592126,8.310981047335245,8.80551313092864,0.6133407008211322,0.5937059497971471,3.3538031653023435,0.30573416445849366,4.646201165988999,0.0,0.5157894736842106
14,0.5632358000565696,0.03985435263463828,0.362818823257679,0.4072281620985154,0.33973176945334543,0.5143939055625573,1.4222625557982738,8.226275126425943,8.311325757677354,8.79169568038748,0.61258735525531,0.593793465347299,3.361200121229415,0.3056424113062133,4.641149875390187,0.0,0.5632358000565696
14,0.5684210526315789,0.039854374110918606,0.3628090885786093,0.40715870876443755,0.3397669453021674,0.5138754644447692,1.412816703380028,8.22596132029842,8.31118140803474,8.788856280924126,0.6132581377389809,0.5928743583948924,3.374092825026417,0.30659992652206314,4.635458145529932,0.0,0.5684210526315789
14,0.6210526315789473,0.0398830482552286,0.36283983141901754,0.4071540991162802,0.3397532948497885,0.5142264080152124,1.420215208649675,8.226566338632914,8.310653616283666,8.771849480164395,0.6135252750546639,0.5922872002074125,3.3671341786600033,0.3048735092117122,4.658294864811968,0.0,0.6210526315789473
14,0.6736842105263158,0.03995646965073691,0.36285495933680656,0.40717647814338864,0.33978664654163143,0.5142856379089308,1.4179539070009726,8.226359477172537,8.311316242705747,8.753970745210374,0.6126745507181247,0.5935136118355551,3.361999165430819,0.3057899105731331,4.639810160787914,0.0,0.6736842105263158
14,0.7263157894736842,0.04006599907765076,0.362882938211783,0.4071385036185249,0.33980526103706415,0.51400312752916,1.4126297901881277,8.226477725431852,8.311217754210846,8.734810329752483,0.6128257284209231,0.5935106779620899,3.3592809155361434,0.3059170006989231,4.640649021095075,0.0,0.7263157894736842
14,0.7789473684210526,0.04020309650060598,0.3629017691202847,0.4071370686237927,0.33978902999776545,0.5140166159823478,1.4096376364714396,8.226688674471285,8.31150312140124,8.716337787806285,0.6114378827863235,0.5933013292279298,3.357192326073596,0.3053140710089881,4.641042128984442,0.0,0.7789473684210526
14,0.831578947368421,0.04036069653748205,0.36283555969921294,0.4071791796257706,0.3397865935548559,0.5141542884402237,1.4158450208312965,8.226206295471195,8.311256765102888,8.697826349684746,0.6125295632310667,0.593354335681013,3.3663778161673688,0.30551797456009017,4.64336490367823,0.0,0.831578947368421
14,0.8842105263157893,0.04053385191383577,0.36283934102304316,0.40709456861995824,0.3397910316760572,0.5138767163366327,1.4092838411571154,8.22622270577591,8.31125208607298,8.67927518808821,0.6127802368014448,0.5935439704462147,3.364511814338986,0.30545051376154025,4.643732577668505,0.0,0.8842105263157893
14,0.9368421052631579,0.04071786761340598,0.3628097738395476,0.4071350788713124,0.33974203792159563,0.5139655947488109,1.4135420189435204,8.226420632106526,8.310936233126686,8.659162745261726,0.6126421578860485,0.5936868181172033,3.3608383119467833,0.3056668115332503,4.6480468571491755,0.0,0.9368421052631579
14,0.9894736842105263,0.040909295297704616,0.3627645122269558,0.40722884284444855,0.3396527468342812,0.5144032424177315,1.4266017548868546,8.226855560784262,8.311235696218242,8.641316774863252,0.61358706328128,0.5930615442126492,3.357528470819432,0.30609683439405216,4.6391461896951505,0.0,0.9894736842105263
14,1.0421052631578946,0.041105126046671464,0.3627325317447638,0.4071320093145518,0.33957218944723805,0.5141195786486981,1.4187554785379954,8.227017460129101,8.311098148365057,8.622424489805521,0.6125672960279199,0.592319757091675,3.3608326485288234,0.30526789505235247,4.6476957048625085,0.0,1.0421052631578946
14,1.094736842105263,0.04130343504007069,0.3626638375668741,0.4070948658068466,0.33954768395228546,0.5141662652643932,1.4199795418184742,8.226667662592815,8.311174371166283,8.605028012667491,0.6127798705542933,0.5928516317524464,3.3642009912239463,0.3050318763616849,4.64881299822576,0.0,1.094736842105263
14,1.1473684210526316,0.04150254360121828,0.3626050308311936,0.40702858505448,0.3394743792138142,0.5140312536411278,1.4181786240736922,8.226851023871351,8.310982502753149,8.587197428529766,0.6129641078752526,0.5921737555645102,3.366735378615514,0.30516781915873253,4.650728784883418,0.0,1.1473684210526316
14,1.2,0.04170095564854753,0.3625374455565936,0.40703092038713307,0.33939132037531733,0.5141092787929107,1.420001698673341,8.226929864503708,8.311369776852077,8.569112840495263,0.6126352630223287,0.5917661682223178,3.3694974770128385,0.3053562439690916,4.642617700774223,0.0,1.2
